Source,Target,Weight,Type
SMDDL,AVER,1,chemical
SMDDL,SIADL,14,chemical
SMDDL,SMDVR,17,chemical
SMDDL,RIML,2,chemical
SMDDL,URYDL,1,chemical
SMDDL,RMDR,1,chemical
SMDDL,RIMR,1,chemical
SMDDL,SAAVR,1,chemical
SMDDL,RIS,2,chemical
SMDDL,SIBDL,14,chemical
SMDDL,SMDVL,2,chemical
SMDDL,RIAL,9,chemical
SMDDL,SMDDR,1,chemical
SMDDL,RIVR,1,chemical
SMDDL,SMBDL,3,chemical
SMDDL,AVEL,1,chemical
SMDDL,RIAR,14,chemical
SMDDL,RMDL,3,chemical
AVER,SABVL,12,chemical
AVER,CEPDL,1,chemical
AVER,VA02,4,chemical
AVER,AVDR,4,chemical
AVER,AIZR,1,chemical
AVER,SABVR,11,chemical
AVER,DA02,7,chemical
AVER,DB03,1,chemical
AVER,RIMR,1,chemical
AVER,DA01,11,chemical
AVER,AVAL,14,chemical
AVER,VA01,5,chemical
AVER,OLLL,1,chemical
AVER,VA03,1,chemical
AVER,URXR,1,chemical
AVER,AS03,1,chemical
AVER,AS01,6,chemical
AVER,RMGR,1,chemical
AVER,AVEL,3,chemical
AVER,AVAR,33,chemical
AVER,VA04,2,chemical
AVER,AVDL,4,chemical
AVER,AS02,4,chemical
AVER,DA03,3,chemical
AVER,SABD,1,chemical
AIBL,AIBL,2,chemical
AIBL,RIFL,1,chemical
AIBL,SIAVR,2,chemical
AIBL,SMDVR,4,chemical
AIBL,RIML,1,chemical
AIBL,SAAVL,3,chemical
AIBL,RIGR,5,chemical
AIBL,AIZR,7,chemical
AIBL,RIMR,56,chemical
AIBL,SAADL,6,chemical
AIBL,SAAVR,1,chemical
AIBL,AVAL,5,chemical
AIBL,ASHL,1,chemical
AIBL,ASHR,3,chemical
AIBL,FLPL,1,chemical
AIBL,SIADR,2,chemical
AIBL,SMDDR,16,chemical
AIBL,AVBL,21,chemical
AIBL,SIBVR,2,chemical
AIBL,RIBR,16,chemical
AIBL,AVEL,1,chemical
AIBL,RMFR,6,chemical
AIBL,SAADR,10,chemical
VC05,VC05,6,chemical
VC05,VC04,4,chemical
VC05,AVFL,2,chemical
VC05,PVR,1,chemical
VC05,AVFR,1,chemical
VC05,DVC,3,chemical
VC05,HSNL,1,chemical
VC05,HSNR,3,chemical
VC05,PVT,1,chemical
RMED,SMDDL,1,chemical
RMED,RMED,1,chemical
RMED,RIBL,1,chemical
RMED,SMDDR,4,chemical
RMED,RIBR,1,chemical
SABVL,RIGR,1,chemical
URBL,URBL,1,chemical
URBL,CEPDL,2,chemical
URBL,SMBDR,3,chemical
URBL,URYDL,1,chemical
URBL,RMDDR,2,chemical
URBL,PVR,1,chemical
URBL,SIAVL,2,chemical
URBL,ADAL,3,chemical
URBL,IL1L,10,chemical
URBL,RICL,1,chemical
URBL,URXL,26,chemical
URBL,SIADR,2,chemical
URBL,OLLL,1,chemical
URBL,AVBL,1,chemical
URBL,RMHR,5,chemical
URBL,RICR,1,chemical
URADR,RMER,1,chemical
URADR,RIPR,16,chemical
URADR,URYDR,1,chemical
URADR,IL1DR,3,chemical
DD06,DB07,1,chemical
DD06,VD13,3,chemical
DA09,DD06,4,chemical
DA09,VD11,11,chemical
DA09,DA08,1,chemical
DA09,DVA,1,chemical
DA09,VA11,1,chemical
DA09,VA12,1,chemical
DA09,AS11,1,chemical
DA09,VD09,5,chemical
DA09,VD12,11,chemical
DA09,DB07,2,chemical
DA09,VD13,4,chemical
DA09,VD10,5,chemical
VC01,DD03,8,chemical
VC01,AVFL,1,chemical
VC01,VC02,4,chemical
VC01,VD02,1,chemical
VC01,AVL,2,chemical
VC01,VD03,2,chemical
VC01,VD05,4,chemical
VC01,DD02,8,chemical
VC01,DVC,1,chemical
VC01,VD04,4,chemical
VC01,PVPR,1,chemical
VC01,VD01,5,chemical
VC01,DD01,6,chemical
VC01,VC03,2,chemical
VC01,PVT,4,chemical
VC01,VD06,1,chemical
SIADL,SMDDL,17,chemical
SIADL,SIBDL,4,chemical
SIADL,AVFR,1,chemical
SIADL,ALNR,4,chemical
SIADL,SMBDL,18,chemical
SIADL,SDQR,4,chemical
SIADL,RMDL,4,chemical
PVQR,DD06,2,chemical
PVQR,ASJL,1,chemical
PVQR,VC02,1,chemical
PVQR,RIFR,4,chemical
PVQR,AIMR,2,chemical
PVQR,AVL,2,chemical
PVQR,AVBR,1,chemical
PVQR,AVFR,1,chemical
PVQR,DVC,1,chemical
PVQR,ASKR,6,chemical
PVQR,AIAL,1,chemical
PVQR,AIAR,12,chemical
PVQR,VD01,1,chemical
PVQR,DD01,1,chemical
PVQR,AWAR,4,chemical
PVQR,RMGR,1,chemical
PVQR,PVT,1,chemical
PVQR,ASER,2,chemical
VC04,VC05,2,chemical
VC04,AVBR,1,chemical
VC04,AVHR,1,chemical
VC04,VC03,1,chemical
RIFL,AVJR,8,chemical
RIFL,RIML,7,chemical
RIFL,ALML,5,chemical
RIFL,AVBR,1,chemical
RIFL,AVHR,1,chemical
RIFL,AVBL,26,chemical
RIFL,PVPL,8,chemical
PDA,DD06,3,chemical
PDA,DA09,1,chemical
PDA,VD11,10,chemical
PDA,PVNR,1,chemical
PDA,VD12,12,chemical
PDA,VD13,3,chemical
AWCL,AIBL,12,chemical
AWCL,AFDL,2,chemical
AWCL,AVAL,1,chemical
AWCL,AIBR,2,chemical
AWCL,SMDVL,1,chemical
AWCL,RIAL,6,chemical
AWCL,AWCR,11,chemical
AWCL,ASGR,1,chemical
AWCL,AIZL,1,chemical
AWCL,ASIL,1,chemical
AWCL,AIAL,2,chemical
AWCL,AIAR,4,chemical
AWCL,AIYL,22,chemical
AWCL,ASER,1,chemical
LUAL,PVWL,1,chemical
LUAL,AVJR,1,chemical
LUAL,AVDR,6,chemical
LUAL,AVJL,4,chemical
LUAL,AVAL,27,chemical
LUAL,PHBL,2,chemical
LUAL,PVNL,1,chemical
LUAL,AVAR,23,chemical
LUAL,AVDL,27,chemical
CEPDL,AVER,13,chemical
CEPDL,URBL,11,chemical
CEPDL,AFDL,2,chemical
CEPDL,CEPDR,1,chemical
CEPDL,SMBDR,5,chemical
CEPDL,URYDL,7,chemical
CEPDL,RIBL,3,chemical
CEPDL,RIH,1,chemical
CEPDL,ALML,2,chemical
CEPDL,RIS,3,chemical
CEPDL,RMHL,1,chemical
CEPDL,AINL,2,chemical
CEPDL,IL2DL,1,chemical
CEPDL,RMGL,6,chemical
CEPDL,OLQDL,27,chemical
CEPDL,RICL,11,chemical
CEPDL,RMDVL,13,chemical
CEPDL,SIADR,4,chemical
CEPDL,OLLL,8,chemical
CEPDL,RMDDL,2,chemical
CEPDL,IL1DL,18,chemical
CEPDL,RIPL,8,chemical
CEPDL,URADL,8,chemical
CEPDL,RMHR,8,chemical
CEPDL,SIBDR,2,chemical
CEPDL,RICR,8,chemical
AFDL,AIBL,1,chemical
AFDL,AFDL,1,chemical
AFDL,AINR,3,chemical
AFDL,AWBL,4,chemical
AFDL,ASEL,1,chemical
AFDL,AIYL,25,chemical
AFDL,ASER,1,chemical
PVWL,AVJL,1,chemical
PVWL,PVCL,1,chemical
PVWL,VD12,1,chemical
PVWL,PVWR,1,chemical
PVWL,PVCR,1,chemical
PVWL,PVT,1,chemical
VA09,DD06,6,chemical
VA09,VD11,3,chemical
VA09,DD05,6,chemical
VA09,DD04,6,chemical
VA09,VD09,2,chemical
VA09,AS06,5,chemical
VA09,AS07,3,chemical
VA09,VB08,1,chemical
VA09,VD10,3,chemical
VA09,VB07,1,chemical
AVJR,AVER,3,chemical
AVJR,SABVL,3,chemical
AVJR,PVQR,1,chemical
AVJR,AVDR,7,chemical
AVJR,AVJL,1,chemical
AVJR,ALML,3,chemical
AVJR,PVCL,5,chemical
AVJR,AVBR,2,chemical
AVJR,AVAL,4,chemical
AVJR,FLPR,2,chemical
AVJR,AVM,1,chemical
AVJR,AVFR,1,chemical
AVJR,AVBL,10,chemical
AVJR,RID,2,chemical
AVJR,AVAR,5,chemical
AVJR,PVCR,7,chemical
AVJR,AVDL,1,chemical
SIAVR,PLNR,10,chemical
SIAVR,SIBVL,2,chemical
SIAVR,RMDL,1,chemical
VA07,DD03,3,chemical
VA07,DD04,17,chemical
VA07,VD07,13,chemical
VA07,AS03,3,chemical
VA07,AS01,1,chemical
VA07,VB06,1,chemical
VA07,AS02,10,chemical
VA07,VD06,2,chemical
DD03,DA05,1,chemical
AWBR,URYVR,1,chemical
AWBR,RIFR,1,chemical
AWBR,AIMR,1,chemical
AWBR,AIZR,8,chemical
AWBR,AVBR,2,chemical
AWBR,AIYR,1,chemical
AWBR,ADFR,7,chemical
AWBR,ASHR,2,chemical
AWBR,OLQVR,1,chemical
AWBR,ASGR,1,chemical
AWBR,RIR,7,chemical
AWBR,HSNL,2,chemical
AWBR,RIAR,3,chemical
AWBR,HSNR,2,chemical
AWBR,ASER,1,chemical
AVFL,VC01,1,chemical
AVFL,PVQR,1,chemical
AVFL,RIFL,1,chemical
AVFL,RIFR,1,chemical
AVFL,AVJL,2,chemical
AVFL,SMBVL,1,chemical
AVFL,AVL,5,chemical
AVFL,DVB,1,chemical
AVFL,AVBR,1,chemical
AVFL,PDER,1,chemical
AVFL,AVHR,1,chemical
AVFL,AVHL,4,chemical
AVFL,AVFR,12,chemical
AVFL,PVNL,1,chemical
AVFL,VB02,2,chemical
AVFL,AS10,1,chemical
AVFL,AVBL,4,chemical
AVFL,AVG,5,chemical
AVFL,HSNL,2,chemical
AVFL,VB01,2,chemical
AVFL,PVQL,1,chemical
AVFL,HSNR,3,chemical
AVFL,AIML,1,chemical
DA05,DD03,12,chemical
DA05,DA04,1,chemical
DA05,VD05,1,chemical
DA05,DB04,1,chemical
DA05,VD06,22,chemical
CEPDR,URADR,3,chemical
CEPDR,CEPDR,6,chemical
CEPDR,RIFR,2,chemical
CEPDR,RMDR,1,chemical
CEPDR,RIH,4,chemical
CEPDR,RMHL,7,chemical
CEPDR,OLQDR,20,chemical
CEPDR,URBR,14,chemical
CEPDR,OLLR,13,chemical
CEPDR,RMDVR,3,chemical
CEPDR,RICL,13,chemical
CEPDR,SIBVR,1,chemical
CEPDR,RIBR,3,chemical
CEPDR,URXR,2,chemical
CEPDR,SMBDL,1,chemical
CEPDR,IL1R,1,chemical
CEPDR,BDUR,5,chemical
CEPDR,URYDR,3,chemical
CEPDR,RMGR,1,chemical
CEPDR,AVEL,9,chemical
CEPDR,IL1DR,15,chemical
CEPDR,RMHR,1,chemical
CEPDR,RICR,19,chemical
SMDVR,SMDDL,14,chemical
SMDVR,AVER,1,chemical
SMDVR,RMED,9,chemical
SMDVR,RIML,1,chemical
SMDVR,PLNL,6,chemical
SMDVR,SIAVL,30,chemical
SMDVR,AIBR,1,chemical
SMDVR,SMDVL,1,chemical
SMDVR,RIAL,24,chemical
SMDVR,CEPVL,1,chemical
SMDVR,RMDDL,3,chemical
SMDVR,SIBVR,30,chemical
SMDVR,RIVR,1,chemical
SMDVR,VB01,1,chemical
SMDVR,AVAR,1,chemical
SMDVR,RIAR,16,chemical
ASJL,CEPDL,1,chemical
ASJL,ASKL,12,chemical
ASJL,ALA,3,chemical
ASJL,ASKR,1,chemical
ASJL,HSNL,1,chemical
ASJL,PVQL,34,chemical
ASJL,HSNR,1,chemical
VB10,DD06,19,chemical
VB10,VD11,7,chemical
VB10,VA11,3,chemical
VB10,VD12,6,chemical
VB10,PVT,1,chemical
VC02,VC01,3,chemical
VC02,PVQR,1,chemical
VC02,DD03,8,chemical
VC02,VD02,3,chemical
VC02,PVCL,1,chemical
VC02,VD05,4,chemical
VC02,DB04,1,chemical
VC02,DD02,4,chemical
VC02,DVC,3,chemical
VC02,VD04,6,chemical
VC02,PVPR,1,chemical
VC02,VD01,2,chemical
VC02,DD01,6,chemical
VC02,VC03,4,chemical
VC02,PVT,6,chemical
VC02,VD06,2,chemical
RIML,SMDDL,11,chemical
RIML,AVER,5,chemical
RIML,AIBL,1,chemical
RIML,RIML,11,chemical
RIML,SAAVL,10,chemical
RIML,RIBL,9,chemical
RIML,RMDR,21,chemical
RIML,RIMR,2,chemical
RIML,SAADL,1,chemical
RIML,SAAVR,10,chemical
RIML,AVBR,11,chemical
RIML,AVAL,5,chemical
RIML,RMFL,2,chemical
RIML,AVKR,1,chemical
RIML,AIBR,22,chemical
RIML,SMDVL,11,chemical
RIML,RIAL,3,chemical
RIML,SMDDR,14,chemical
RIML,AVBL,9,chemical
RIML,VB01,8,chemical
RIML,AVAR,2,chemical
RIML,RMFR,2,chemical
RIML,RMDL,9,chemical
RIML,RICR,1,chemical
RIML,SAADR,4,chemical
RMER,RMER,5,chemical
RMER,IL1L,4,chemical
RMER,RMHR,3,chemical
PVDL,AVFL,1,chemical
PVDL,AVDR,1,chemical
PVDL,DD05,3,chemical
PVDL,PVCL,13,chemical
PVDL,AVAL,13,chemical
PVDL,AVG,8,chemical
PVDL,PVPL,1,chemical
PVDL,AVAR,29,chemical
PVDL,PVCR,36,chemical
PVDL,VD10,3,chemical
PVDL,PVDR,10,chemical
PVDL,AVDL,1,chemical
PDEL,PDER,4,chemical
PDEL,DVA,7,chemical
PDEL,PVR,2,chemical
PDEL,AVKL,5,chemical
PDEL,PVM,3,chemical
PLNR,SIAVR,10,chemical
PLNR,SAAVL,1,chemical
PLNR,SMBVR,10,chemical
PLNR,SMDVL,2,chemical
PLNR,RMDVL,1,chemical
PLNR,SAADR,8,chemical
AS05,DD03,1,chemical
AS05,PVDL,1,chemical
AS05,AS05,3,chemical
AS05,DA04,1,chemical
AS05,VD05,12,chemical
SMBDR,RMED,25,chemical
SMBDR,SIAVR,1,chemical
SMBDR,SAAVL,8,chemical
SMBDR,AVAL,1,chemical
SMBDR,ALNL,5,chemical
SMBDR,SIADR,20,chemical
SMBDR,SMDDR,4,chemical
SMBDR,SMBDL,3,chemical
SMBDR,RIVL,1,chemical
SMBDR,SDQL,18,chemical
URYDL,SMDDL,2,chemical
URYDL,AVER,9,chemical
URYDL,RMDDR,15,chemical
URYDL,RIBL,8,chemical
URYDL,OLQDL,2,chemical
URYDL,RMDVL,18,chemical
URYDL,SMDDR,3,chemical
URYDL,OLLL,3,chemical
URYDL,AIZL,1,chemical
URYDL,IL1DL,3,chemical
URYDL,AVEL,1,chemical
BAGL,AVER,7,chemical
BAGL,AIBL,2,chemical
BAGL,AUAR,2,chemical
BAGL,RIGR,7,chemical
BAGL,AIZR,2,chemical
BAGL,AINL,1,chemical
BAGL,URAVR,1,chemical
BAGL,ADFR,1,chemical
BAGL,RIPR,1,chemical
BAGL,CEPVR,2,chemical
BAGL,BAGR,1,chemical
BAGL,RIBR,19,chemical
BAGL,RIVR,2,chemical
BAGL,URXR,1,chemical
BAGL,RID,3,chemical
BAGL,RIGL,3,chemical
BAGL,AVEL,2,chemical
BAGL,AVAR,3,chemical
BAGL,RIAR,18,chemical
VD11,DD06,2,chemical
VD11,VB10,1,chemical
VD11,VA11,2,chemical
VD11,AVAR,2,chemical
VD11,PVT,1,chemical
VD02,VA02,12,chemical
VD02,VB02,4,chemical
VD02,DD01,1,chemical
VD02,AS01,1,chemical
VD02,AVEL,1,chemical
ADLR,AVJR,3,chemical
ADLR,ADLR,3,chemical
ADLR,RIFR,2,chemical
ADLR,AVDR,3,chemical
ADLR,AVJL,2,chemical
ADLR,PVCL,3,chemical
ADLR,AVBR,7,chemical
ADLR,SMBVR,5,chemical
ADLR,ADAR,1,chemical
ADLR,URBR,6,chemical
ADLR,RIPR,2,chemical
ADLR,AIBR,27,chemical
ADLR,ASHR,4,chemical
ADLR,OLLR,1,chemical
ADLR,CEPVR,1,chemical
ADLR,OLQVR,1,chemical
ADLR,RICL,1,chemical
ADLR,SIBVL,2,chemical
ADLR,AWCR,7,chemical
ADLR,AVBL,3,chemical
ADLR,URXR,8,chemical
ADLR,AIAR,22,chemical
ADLR,AVAR,8,chemical
ADLR,AVDL,26,chemical
ADLR,ASER,2,chemical
ADLR,RICR,5,chemical
IL2VL,RMER,6,chemical
IL2VL,RIH,5,chemical
IL2VL,OLQVL,6,chemical
IL2VL,URAVL,7,chemical
IL2VL,RIAL,4,chemical
IL2VL,DVC,1,chemical
IL2VL,BAGR,1,chemical
IL2VL,IL1VL,27,chemical
IL2VL,RMEV,2,chemical
IL2VL,RMEL,7,chemical
IL2VL,RIPL,36,chemical
IL2VL,IL2L,1,chemical
PHBR,AVDR,5,chemical
PHBR,PVCL,39,chemical
PHBR,AVAL,35,chemical
PHBR,PHBL,3,chemical
PHBR,VA12,1,chemical
PHBR,PHCL,1,chemical
PHBR,AVAR,38,chemical
PHBR,PHCR,3,chemical
PHBR,PVCR,21,chemical
PHBR,AVDL,7,chemical
URYVR,SMBDR,1,chemical
URYVR,IL1VR,3,chemical
URYVR,RMDDR,32,chemical
URYVR,AVL,5,chemical
URYVR,AVAL,2,chemical
URYVR,ADAR,1,chemical
URYVR,CEPVR,1,chemical
URYVR,SIBVL,5,chemical
URYVR,SMDVL,11,chemical
URYVR,RMDVL,19,chemical
URYVR,AVBL,5,chemical
URYVR,RIBR,19,chemical
URYVR,AVEL,26,chemical
URYVR,RIAR,2,chemical
URYVR,SIBDR,4,chemical
URYVR,RMDL,2,chemical
SAAVL,AIBL,1,chemical
SAAVL,RIML,5,chemical
SAAVL,SMBDR,2,chemical
SAAVL,RIMR,33,chemical
SAAVL,AVAL,56,chemical
SAAVL,OLLR,1,chemical
SAAVL,SMDVL,1,chemical
SAAVL,SMDDR,18,chemical
SAAVL,RMFR,11,chemical
SAAVL,SABD,1,chemical
IL1VR,RMDDR,40,chemical
IL1VR,URAVR,4,chemical
IL1VR,RIPR,16,chemical
IL1VR,OLLR,1,chemical
IL1VR,OLQVR,5,chemical
IL1VR,RMDVL,5,chemical
IL1VR,IL1R,4,chemical
IL1VR,IL2VR,2,chemical
PLNL,SMBVL,10,chemical
PLNL,SAADL,5,chemical
PLNL,SIAVL,10,chemical
RIFR,RIFL,1,chemical
RIFR,AVJR,2,chemical
RIFR,AWBR,2,chemical
RIFR,AVFL,1,chemical
RIFR,ADLR,1,chemical
RIFR,AVJL,2,chemical
RIFR,RIMR,10,chemical
RIFR,PVCL,1,chemical
RIFR,AVBR,35,chemical
RIFR,RIPR,2,chemical
RIFR,ASHR,6,chemical
RIFR,CEPVR,2,chemical
RIFR,AVBL,1,chemical
RIFR,AIZL,1,chemical
RIFR,PVPR,6,chemical
RIFR,URXR,3,chemical
RIFR,HSNL,2,chemical
RIFR,PVCR,1,chemical
RIFR,RIAR,1,chemical
RIFR,HSNR,3,chemical
VA02,VD02,27,chemical
VA02,AVAL,1,chemical
VA02,VA01,2,chemical
VA02,VB02,1,chemical
VA02,VA03,2,chemical
VA02,VD01,1,chemical
VA02,DD01,20,chemical
VA02,VB01,1,chemical
AVDR,AVER,2,chemical
AVDR,SABVL,5,chemical
AVDR,DA09,1,chemical
AVDR,LUAL,3,chemical
AVDR,AVJR,1,chemical
AVDR,DA05,3,chemical
AVDR,VA02,1,chemical
AVDR,SABVR,1,chemical
AVDR,DA02,5,chemical
AVDR,DA04,2,chemical
AVDR,DA01,5,chemical
AVDR,DA08,1,chemical
AVDR,AVAL,41,chemical
AVDR,DA06,1,chemical
AVDR,ALA,1,chemical
AVDR,VA11,1,chemical
AVDR,PQR,3,chemical
AVDR,DB04,1,chemical
AVDR,AS11,3,chemical
AVDR,DVC,4,chemical
AVDR,AS10,2,chemical
AVDR,AVBL,1,chemical
AVDR,VA03,2,chemical
AVDR,VA05,3,chemical
AVDR,DB01,1,chemical
AVDR,AVAR,52,chemical
AVDR,PVCR,2,chemical
AVDR,AVDL,3,chemical
AVDR,DA03,3,chemical
AVDR,SABD,1,chemical
ASKL,AIBL,9,chemical
ASKL,ASJL,1,chemical
ASKL,AIAL,29,chemical
ASKL,ASER,4,chemical
ASKL,AIML,5,chemical
AVJL,AVJR,1,chemical
AVJL,RIFR,1,chemical
AVJL,RIS,1,chemical
AVJL,PVCL,5,chemical
AVJL,AVBR,6,chemical
AVJL,PVNR,4,chemical
AVJL,AINL,1,chemical
AVJL,AVHL,3,chemical
AVJL,ASHR,1,chemical
AVJL,AVBL,5,chemical
AVJL,AVEL,1,chemical
AVJL,AVAR,1,chemical
AVJL,PVCR,1,chemical
AVJL,AVDL,1,chemical
AVJL,SABD,1,chemical
AUAR,AVER,13,chemical
AUAR,BAGL,1,chemical
AUAR,AINR,1,chemical
AUAR,AIZR,2,chemical
AUAR,AIYR,1,chemical
AUAR,AINL,1,chemical
AUAR,RIBR,31,chemical
AUAR,URXR,5,chemical
AUAR,AVAR,3,chemical
AUAR,RIAR,22,chemical
RMDDR,RMDVR,3,chemical
RMDDR,RMDVL,26,chemical
RMDDR,RMDDL,1,chemical
RIBL,AVER,14,chemical
RIBL,SMDVR,6,chemical
RIBL,RIML,1,chemical
RIBL,URYDL,3,chemical
RIBL,AVDR,4,chemical
RIBL,RMDR,1,chemical
RIBL,RIS,5,chemical
RIBL,AVBR,1,chemical
RIBL,AVAL,5,chemical
RIBL,AIBR,8,chemical
RIBL,AUAL,9,chemical
RIBL,RIAL,6,chemical
RIBL,DVC,1,chemical
RIBL,CEPVL,5,chemical
RIBL,BAGR,3,chemical
RIBL,RIGL,1,chemical
RIBL,AVEL,9,chemical
RIGR,AVER,4,chemical
RIGR,AIBL,2,chemical
RIGR,BAGL,2,chemical
RIGR,URYVR,2,chemical
RIGR,AIZR,5,chemical
RIGR,AFDR,1,chemical
RIGR,RMHL,17,chemical
RIGR,DVA,4,chemical
RIGR,AVKR,5,chemical
RIGR,AVKL,21,chemical
RIGR,OLQVR,2,chemical
RIGR,ALNR,3,chemical
RIGR,DVC,2,chemical
RIGR,RIBR,2,chemical
RIGR,URXR,3,chemical
RIGR,RIR,5,chemical
RIGR,RIAR,3,chemical
RIGR,PVT,5,chemical
RIGR,AVDL,1,chemical
SMBVL,AVJR,1,chemical
SMBVL,AVFL,1,chemical
SMBVL,PLNL,5,chemical
SMBVL,SAADL,16,chemical
SMBVL,AVBR,1,chemical
SMBVL,AVHR,1,chemical
SMBVL,SIAVL,1,chemical
SMBVL,RMDVR,1,chemical
SMBVL,SMBDL,2,chemical
SMBVL,PVPL,1,chemical
SMBVL,RMEV,20,chemical
SMBVL,AIML,1,chemical
VB11,DD06,19,chemical
VB11,PVWL,1,chemical
VB11,VA12,5,chemical
VB11,VD12,2,chemical
VB11,VD13,22,chemical
VB11,PVWR,1,chemical
VB11,PVCR,1,chemical
AIMR,AVJR,1,chemical
AIMR,AVFL,3,chemical
AIMR,RIFR,3,chemical
AIMR,AVDR,2,chemical
AIMR,AIMR,1,chemical
AIMR,RMDR,1,chemical
AIMR,PVNR,1,chemical
AIMR,AVHR,2,chemical
AIMR,ALA,2,chemical
AIMR,OLQDR,1,chemical
AIMR,ADFR,2,chemical
AIMR,CEPVR,1,chemical
AIMR,AVFR,4,chemical
AIMR,ASKR,4,chemical
AIMR,ASGR,6,chemical
AIMR,URXR,5,chemical
AIMR,AIAR,10,chemical
AIMR,BDUR,2,chemical
AIMR,HSNL,3,chemical
AIMR,RMGR,4,chemical
AIMR,AVAR,1,chemical
AIMR,HSNR,3,chemical
AIMR,ASJR,4,chemical
AINR,AIBL,2,chemical
AINR,AWCL,2,chemical
AINR,CEPDL,2,chemical
AINR,AFDL,9,chemical
AINR,AUAR,2,chemical
AINR,RIBL,8,chemical
AINR,AINR,1,chemical
AINR,AFDR,3,chemical
AINR,AINL,1,chemical
AINR,AUAL,1,chemical
AINR,ASEL,1,chemical
AINR,URXL,2,chemical
AINR,BAGR,9,chemical
AINR,AIAL,2,chemical
AINR,URXR,2,chemical
AINR,RID,2,chemical
AINR,ASGL,1,chemical
AINR,ASER,3,chemical
AIZR,AVER,1,chemical
AIZR,AIBL,50,chemical
AIZR,SMBDR,17,chemical
AIZR,RIMR,34,chemical
AIZR,SMBVR,10,chemical
AIZR,DVA,3,chemical
AIZR,ADFR,1,chemical
AIZR,AIBR,3,chemical
AIZR,SIADR,1,chemical
AIZR,SMDDR,4,chemical
AIZR,AWCR,2,chemical
AIZR,AIAR,5,chemical
AIZR,AWAR,1,chemical
AIZR,AVEL,28,chemical
AIZR,RIAR,25,chemical
AIZR,ASER,2,chemical
AFDR,AFDL,1,chemical
AFDR,AIYR,29,chemical
AFDR,ASEL,1,chemical
AFDR,ASER,4,chemical
AWBL,AWCL,1,chemical
AWBL,SMBVL,3,chemical
AWBL,AVHR,2,chemical
AWBL,AIBR,1,chemical
AWBL,ASHL,2,chemical
AWBL,ASEL,1,chemical
AWBL,RIAL,10,chemical
AWBL,AVBL,2,chemical
AWBL,AIZL,15,chemical
AWBL,AIAL,4,chemical
AWBL,ADFL,25,chemical
AWBL,SMBDL,2,chemical
AWBL,HSNL,1,chemical
AWBL,RIGL,2,chemical
AWBL,AIYL,1,chemical
AWBL,AWAL,2,chemical
VB09,DD06,19,chemical
VB09,VD11,6,chemical
VB09,DD05,10,chemical
VB09,VA11,2,chemical
VB09,VD10,5,chemical
ASIR,AWCL,2,chemical
ASIR,ADLR,1,chemical
ASIR,AIBR,3,chemical
ASIR,ASHR,2,chemical
ASIR,CEPVR,1,chemical
ASIR,ASEL,2,chemical
ASIR,AWCR,5,chemical
ASIR,ASGR,3,chemical
ASIR,AIAL,1,chemical
ASIR,AIAR,4,chemical
ASIR,AWAR,1,chemical
ASIR,ASER,2,chemical
AVL,SABVL,9,chemical
AVL,DD06,1,chemical
AVL,VC01,2,chemical
AVL,PVWL,1,chemical
AVL,VC02,2,chemical
AVL,SABVR,6,chemical
AVL,RIMR,2,chemical
AVL,DVB,1,chemical
AVL,RIS,1,chemical
AVL,VC06,1,chemical
AVL,AVKR,2,chemical
AVL,DVC,2,chemical
AVL,PVPR,2,chemical
AVL,DD01,4,chemical
AVL,VD12,3,chemical
AVL,AVEL,3,chemical
AVL,HSNR,2,chemical
AVL,SABD,9,chemical
DA02,VD02,17,chemical
DA02,VD03,11,chemical
DA02,DB01,1,chemical
DA02,DD01,7,chemical
DA02,AS02,1,chemical
DA02,DA03,1,chemical
DB03,DD03,14,chemical
DB03,DA05,1,chemical
DB03,AS05,1,chemical
DB03,DA04,4,chemical
DB03,DD05,14,chemical
DB03,VD05,24,chemical
DB03,DD02,3,chemical
DB03,VD04,9,chemical
DB03,VD06,4,chemical
DB03,AS04,2,chemical
RMDR,RIMR,1,chemical
RMDR,RIS,1,chemical
RMDR,AVKR,1,chemical
RMDR,SIAVL,1,chemical
RMDR,IL1L,2,chemical
RMDR,RMGL,1,chemical
RMDR,OLLR,2,chemical
RMDR,RMDVL,9,chemical
RMDR,RIAL,14,chemical
RMDR,SMDDR,1,chemical
RMDR,RMDDL,6,chemical
RMDR,RIAR,21,chemical
RMDR,RMDL,11,chemical
RIH,CEPDL,6,chemical
RIH,RMER,6,chemical
RIH,BAGL,2,chemical
RIH,IL2VL,4,chemical
RIH,URYVR,4,chemical
RIH,AUAR,2,chemical
RIH,RIBL,18,chemical
RIH,AIZR,19,chemical
RIH,OLQDR,7,chemical
RIH,AIYR,4,chemical
RIH,OLQVL,13,chemical
RIH,URAVR,1,chemical
RIH,ADFR,3,chemical
RIH,RIPR,7,chemical
RIH,CEPVR,6,chemical
RIH,OLQDL,11,chemical
RIH,OLQVR,7,chemical
RIH,RIAL,34,chemical
RIH,CEPVL,3,chemical
RIH,BAGR,5,chemical
RIH,AIZL,12,chemical
RIH,RIBR,15,chemical
RIH,RMEV,10,chemical
RIH,AIYL,3,chemical
RIH,IL2R,3,chemical
RIH,RIPL,18,chemical
RIH,IL2VR,5,chemical
RIH,RIAR,36,chemical
RIH,IL2L,2,chemical
ALML,RIFL,2,chemical
ALML,CEPDL,2,chemical
ALML,SMBDR,2,chemical
ALML,AVDR,3,chemical
ALML,RMDDR,1,chemical
ALML,ALML,1,chemical
ALML,PVCL,11,chemical
ALML,RMGL,3,chemical
ALML,RICL,2,chemical
ALML,CEPVL,3,chemical
ALML,BDUL,15,chemical
ALML,AVEL,3,chemical
ALML,PVCR,4,chemical
ALML,SDQL,2,chemical
ALML,RICR,3,chemical
ALML,AIML,1,chemical
DA04,VD05,21,chemical
DA04,DD02,4,chemical
DA04,VD04,11,chemical
DA04,DB02,2,chemical
PHAR,PVQR,1,chemical
PHAR,PHBR,8,chemical
PHAR,AVDR,2,chemical
PHAR,DA08,2,chemical
PHAR,AVHR,1,chemical
PHAR,DVA,6,chemical
PHAR,PHAL,11,chemical
PHAR,PHBL,3,chemical
PHAR,AVG,9,chemical
PHAR,PVPL,3,chemical
PHAR,PVQL,4,chemical
PHAR,PVT,2,chemical
RIMR,SMDDL,9,chemical
RIMR,AIBL,15,chemical
RIMR,SMDVR,3,chemical
RIMR,RIML,4,chemical
RIMR,SAAVL,11,chemical
RIMR,AVJL,4,chemical
RIMR,RMDR,12,chemical
RIMR,SAAVR,8,chemical
RIMR,RIS,2,chemical
RIMR,AVBR,12,chemical
RIMR,AVAL,9,chemical
RIMR,RMFL,1,chemical
RIMR,ADAR,9,chemical
RIMR,AVKL,1,chemical
RIMR,SMDVL,2,chemical
RIMR,SMDDR,14,chemical
RIMR,AVBL,9,chemical
RIMR,RIBR,4,chemical
RIMR,VB01,2,chemical
RIMR,RMFR,7,chemical
RIMR,RMDL,15,chemical
DVB,DD06,10,chemical
DVB,PDA,2,chemical
DVB,AVL,21,chemical
DVB,DA08,10,chemical
DVB,DVC,5,chemical
DVB,PHCL,2,chemical
DVB,PVPL,10,chemical
DVB,VD13,1,chemical
SAADL,AIBL,1,chemical
SAADL,RIML,11,chemical
SAADL,RIMR,16,chemical
SAADL,AVAL,17,chemical
SAADL,OLLR,4,chemical
SAADL,RMDVR,1,chemical
SAADL,SIBVR,1,chemical
SAADL,RIVR,1,chemical
SAADL,RIGL,1,chemical
SAADL,RMFR,1,chemical
SAADL,SABD,2,chemical
SAAVR,SMDDL,17,chemical
SAAVR,RIML,12,chemical
SAAVR,ASIR,1,chemical
SAAVR,RIMR,7,chemical
SAAVR,SAAVR,1,chemical
SAAVR,AIBR,1,chemical
SAAVR,ALNR,1,chemical
SAAVR,AVBL,1,chemical
SAAVR,SMBDL,1,chemical
SAAVR,RMEV,1,chemical
SAAVR,IL1DL,12,chemical
SAAVR,AVAR,39,chemical
SAAVR,RIPL,12,chemical
SAAVR,RIAR,1,chemical
RIS,SMDDL,1,chemical
RIS,AVER,18,chemical
RIS,CEPDL,4,chemical
RIS,CEPDR,1,chemical
RIS,SMDVR,1,chemical
RIS,RIML,10,chemical
RIS,URYVR,5,chemical
RIS,RMDDR,1,chemical
RIS,RIBL,8,chemical
RIS,AVL,9,chemical
RIS,RMDR,16,chemical
RIS,RIMR,15,chemical
RIS,RIS,3,chemical
RIS,AVKR,13,chemical
RIS,AVKL,6,chemical
RIS,OLLR,5,chemical
RIS,CEPVR,4,chemical
RIS,SMDVL,1,chemical
RIS,SMDDR,6,chemical
RIS,CEPVL,7,chemical
RIS,RMDDL,1,chemical
RIS,RIBR,18,chemical
RIS,RMEV,3,chemical
RIS,URYDR,1,chemical
RIS,AVEL,17,chemical
RIS,RMDL,10,chemical
VB05,DD03,34,chemical
VB05,VA06,2,chemical
VB05,VD06,10,chemical
PVCL,AVER,7,chemical
PVCL,AVJR,2,chemical
PVCL,DA05,1,chemical
PVCL,PDEL,1,chemical
PVCL,ADLR,2,chemical
PVCL,AVDR,11,chemical
PVCL,AVJL,3,chemical
PVCL,VB11,1,chemical
PVCL,DB03,2,chemical
PVCL,RIS,2,chemical
PVCL,PVCL,1,chemical
PVCL,AVBR,27,chemical
PVCL,DA08,2,chemical
PVCL,SMBVR,3,chemical
PVCL,AVAL,5,chemical
PVCL,DVA,4,chemical
PVCL,DB05,2,chemical
PVCL,DB04,6,chemical
PVCL,ASHR,2,chemical
PVCL,SIBDL,2,chemical
PVCL,SIBVL,7,chemical
PVCL,AVBL,7,chemical
PVCL,DB02,4,chemical
PVCL,AVG,2,chemical
PVCL,VB08,1,chemical
PVCL,RID,12,chemical
PVCL,AS01,1,chemical
PVCL,DB07,5,chemical
PVCL,AVEL,2,chemical
PVCL,AVAR,7,chemical
PVCL,VB06,2,chemical
PVCL,PVCR,10,chemical
PVCL,VB04,3,chemical
PVCL,AVDL,7,chemical
PVCL,AS02,1,chemical
PVCL,VB07,1,chemical
AVBR,AVER,2,chemical
AVBR,VA07,1,chemical
AVBR,AS05,2,chemical
AVBR,AVJL,2,chemical
AVBR,AVAL,10,chemical
AVBR,VD03,2,chemical
AVBR,AIBR,1,chemical
AVBR,AS10,1,chemical
AVBR,AVBL,2,chemical
AVBR,AS03,3,chemical
AVBR,AS01,2,chemical
AVBR,AVAR,14,chemical
AVBR,VA04,2,chemical
AVBR,DA07,1,chemical
AVBR,HSNR,1,chemical
AVBR,AVDL,4,chemical
AVBR,DA03,3,chemical
AVBR,AS04,1,chemical
DA01,VD02,4,chemical
DA01,FLPR,2,chemical
DA01,VD01,13,chemical
DA01,DB01,1,chemical
DA01,DD01,12,chemical
DA01,AS01,13,chemical
PDER,PVCL,1,chemical
PDER,DVA,1,chemical
PDER,AVKL,16,chemical
PDER,VB02,1,chemical
PDER,PVCR,1,chemical
PDER,PVM,1,chemical
PVNR,URBL,2,chemical
PVNR,CEPDL,2,chemical
PVNR,PVWL,9,chemical
PVNR,AVJR,1,chemical
PVNR,VC02,1,chemical
PVNR,AVDR,2,chemical
PVNR,AVJL,1,chemical
PVNR,AVL,3,chemical
PVNR,DB03,1,chemical
PVNR,ALML,2,chemical
PVNR,AVBR,1,chemical
PVNR,PVNR,1,chemical
PVNR,AVAL,5,chemical
PVNR,VD03,3,chemical
PVNR,PVR,1,chemical
PVNR,VA11,1,chemical
PVNR,PQR,4,chemical
PVNR,DD02,1,chemical
PVNR,URXL,2,chemical
PVNR,BDUL,1,chemical
PVNR,VD04,6,chemical
PVNR,VD07,1,chemical
PVNR,VA05,1,chemical
PVNR,VD12,1,chemical
PVNR,AVEL,5,chemical
PVNR,VD13,1,chemical
PVNR,PVWR,2,chemical
PVNR,PVCR,2,chemical
PVNR,PVDR,5,chemical
PVNR,HSNR,1,chemical
PVNR,PVT,3,chemical
PVNR,AVDL,1,chemical
PVNR,VD06,1,chemical
DA08,VD11,5,chemical
DA08,DD05,4,chemical
DA08,DD04,4,chemical
DA08,VD09,5,chemical
DA08,VD12,5,chemical
DA08,DB07,1,chemical
DA08,VD13,5,chemical
DA08,DA07,1,chemical
DA08,VD10,7,chemical
DA08,VD08,5,chemical
SMBVR,SIAVR,1,chemical
SMBVR,PLNR,5,chemical
SMBVR,SMBDR,2,chemical
SMBVR,ADLR,2,chemical
SMBVR,RMDR,3,chemical
SMBVR,PVR,2,chemical
SMBVR,AVHL,2,chemical
SMBVR,CEPVR,8,chemical
SMBVR,RMEV,8,chemical
SMBVR,RMGR,3,chemical
SMBVR,RIAR,1,chemical
SMBVR,RMDL,2,chemical
SMBVR,SAADR,12,chemical
RMHL,SAAVL,1,chemical
RMHL,RMDR,1,chemical
RMHL,RICL,1,chemical
RMHL,RMDDL,2,chemical
RMHL,URXR,1,chemical
RMHL,IL1R,2,chemical
RMHL,RID,1,chemical
RMHL,AVAR,1,chemical
RMHL,RICR,1,chemical
AVAL,AVER,2,chemical
AVAL,SABVL,2,chemical
AVAL,DA09,3,chemical
AVAL,LUAL,6,chemical
AVAL,VA09,7,chemical
AVAL,VA07,7,chemical
AVAL,DA05,14,chemical
AVAL,AS05,6,chemical
AVAL,VA02,8,chemical
AVAL,AVDR,2,chemical
AVAL,DA02,10,chemical
AVAL,DA04,12,chemical
AVAL,PVCL,21,chemical
AVAL,DA01,6,chemical
AVAL,DA08,5,chemical
AVAL,DA06,1,chemical
AVAL,DB05,2,chemical
AVAL,VA11,6,chemical
AVAL,VA12,5,chemical
AVAL,AS11,8,chemical
AVAL,AS08,6,chemical
AVAL,VA10,9,chemical
AVAL,PVNL,1,chemical
AVAL,VA01,2,chemical
AVAL,RIAL,3,chemical
AVAL,AS10,5,chemical
AVAL,VA06,8,chemical
AVAL,AVBL,2,chemical
AVAL,LUAR,2,chemical
AVAL,VA03,6,chemical
AVAL,AS07,6,chemical
AVAL,VA05,7,chemical
AVAL,DB07,2,chemical
AVAL,AVEL,1,chemical
AVAL,AVAR,12,chemical
AVAL,VA04,7,chemical
AVAL,PVCR,16,chemical
AVAL,VA08,7,chemical
AVAL,DA07,4,chemical
AVAL,AVDL,3,chemical
AVAL,AS02,2,chemical
AVAL,DA03,12,chemical
AVAL,AS04,2,chemical
DA06,DD03,7,chemical
DA06,DA05,1,chemical
DA06,DB05,1,chemical
DA06,VD05,3,chemical
DA06,VD04,3,chemical
DA06,VD07,13,chemical
DA06,VD06,13,chemical
AVHR,AVJR,5,chemical
AVHR,AVFL,2,chemical
AVHR,ADLR,3,chemical
AVHR,AVDR,1,chemical
AVHR,SMBVL,1,chemical
AVHR,AWBL,1,chemical
AVHR,AVBR,1,chemical
AVHR,AVAL,1,chemical
AVHR,DVA,1,chemical
AVHR,AVHL,1,chemical
AVHR,AQR,1,chemical
AVHR,AVFR,2,chemical
AVHR,ASKR,1,chemical
AVHR,AVBL,3,chemical
AVHR,AVG,1,chemical
AVHR,SMBDL,3,chemical
AVHR,PVPL,9,chemical
AVHR,RIR,8,chemical
AVHR,RIGL,1,chemical
VD03,VB02,2,chemical
VD03,VA03,4,chemical
VD03,DD01,6,chemical
VD03,VB03,1,chemical
ALA,AVER,4,chemical
ALA,PVDL,75,chemical
ALA,AVDR,1,chemical
ALA,RMDR,3,chemical
ALA,AVEL,8,chemical
ALA,RIAR,2,chemical
ALA,PVDR,75,chemical
ALA,ASJR,4,chemical
OLQDR,RMER,1,chemical
OLQDR,RIH,2,chemical
OLQDR,RICL,2,chemical
OLQDR,RMDDL,11,chemical
OLQDR,SIBVR,6,chemical
OLQDR,IL1DR,1,chemical
OLQDR,RMHR,3,chemical
OLQDR,RICR,2,chemical
DVA,AVER,17,chemical
DVA,PDEL,2,chemical
DVA,SMBDR,6,chemical
DVA,URYDL,3,chemical
DVA,SAAVL,3,chemical
DVA,VA02,2,chemical
DVA,AVDR,2,chemical
DVA,AUAR,8,chemical
DVA,SMBVL,5,chemical
DVA,VB11,2,chemical
DVA,AIZR,3,chemical
DVA,DA02,1,chemical
DVA,DB03,3,chemical
DVA,RIMR,5,chemical
DVA,SAAVR,1,chemical
DVA,PVCL,4,chemical
DVA,AVBR,1,chemical
DVA,SMBVR,6,chemical
DVA,AVAL,6,chemical
DVA,PVR,2,chemical
DVA,DB04,1,chemical
DVA,AQR,6,chemical
DVA,VA12,1,chemical
DVA,AUAL,4,chemical
DVA,SMDVL,1,chemical
DVA,URXL,1,chemical
DVA,RIAL,3,chemical
DVA,VA06,1,chemical
DVA,AVBL,1,chemical
DVA,AIZL,5,chemical
DVA,PVPR,3,chemical
DVA,DB02,2,chemical
DVA,SMBDL,6,chemical
DVA,RIR,4,chemical
DVA,VB01,1,chemical
DVA,DB07,1,chemical
DVA,AVEL,19,chemical
DVA,AVAR,2,chemical
DVA,PVCR,1,chemical
DVA,VA08,1,chemical
DVA,RIAR,4,chemical
DVA,SAADR,5,chemical
DVA,SABD,2,chemical
DVA,VB07,1,chemical
PHAL,AVFL,4,chemical
PHAL,PHBR,10,chemical
PHAL,AVDR,2,chemical
PHAL,PHAR,13,chemical
PHAL,DA08,3,chemical
PHAL,AVHR,1,chemical
PHAL,DVA,2,chemical
PHAL,PHBL,7,chemical
PHAL,AVHL,4,chemical
PHAL,AVG,11,chemical
PHAL,PVQL,3,chemical
AIYR,AWBR,1,chemical
AIYR,AIZR,70,chemical
AIYR,AFDR,1,chemical
AIYR,AINL,1,chemical
AIYR,ADFR,1,chemical
AIYR,ASEL,2,chemical
AIYR,ASGR,2,chemical
AIYR,BAGR,1,chemical
AIYR,RIBR,60,chemical
AIYR,RIVR,1,chemical
AIYR,AWAR,1,chemical
AIYR,AIYL,7,chemical
AIYR,RIAR,50,chemical
AIYR,ASER,4,chemical
AINL,BAGL,5,chemical
AINL,SAAVL,3,chemical
AINL,AUAR,2,chemical
AINL,RIBL,2,chemical
AINL,AFDR,10,chemical
AINL,RMFL,1,chemical
AINL,ASEL,1,chemical
AINL,RMDVL,3,chemical
AINL,ASGR,1,chemical
AINL,ASIL,11,chemical
AINL,RIBR,3,chemical
AINL,AIAR,1,chemical
AINL,RID,2,chemical
PLML,VA09,6,chemical
PLML,PDEL,16,chemical
PLML,AVDR,5,chemical
PLML,PDER,19,chemical
PLML,AVAL,4,chemical
PLML,DVA,9,chemical
PLML,AVAR,5,chemical
OLQVL,AVDR,1,chemical
OLQVL,RMHL,2,chemical
OLQVL,AVAL,1,chemical
OLQVL,SIAVL,9,chemical
OLQVL,SIBDL,13,chemical
OLQVL,RMDVR,14,chemical
OLQVL,RICL,4,chemical
OLQVL,IL2L,1,chemical
DB05,DA08,1,chemical
DB05,DA06,3,chemical
DB05,VD05,3,chemical
DB05,AS08,2,chemical
DB05,VD04,3,chemical
DB05,AS07,3,chemical
DB05,VD07,13,chemical
DB05,DA07,12,chemical
DB05,VD06,13,chemical
URAVR,RMER,4,chemical
URAVR,URYVR,1,chemical
URAVR,IL1VR,9,chemical
URAVR,RMDDR,1,chemical
URAVR,RIH,1,chemical
URAVR,ADAR,1,chemical
URAVR,RIPR,13,chemical
URAVR,RMDVL,1,chemical
URAVR,IL1R,2,chemical
URAVR,RMEV,2,chemical
URAVR,RMEL,1,chemical
URAVR,IL2VR,3,chemical
URAVR,PVT,3,chemical
VC06,DD06,6,chemical
VC06,VD11,10,chemical
VC06,AVL,4,chemical
VC06,PVNR,4,chemical
VC06,AVG,2,chemical
VC06,VD12,7,chemical
PVR,DA09,2,chemical
PVR,AVJR,5,chemical
PVR,DA05,1,chemical
PVR,IL1VR,9,chemical
PVR,AVJL,11,chemical
PVR,DB03,3,chemical
PVR,PVCL,4,chemical
PVR,AVBR,17,chemical
PVR,PDER,1,chemical
PVR,DVA,2,chemical
PVR,PVR,1,chemical
PVR,ADAR,1,chemical
PVR,DB04,1,chemical
PVR,RIPR,19,chemical
PVR,AVKL,1,chemical
PVR,CEPVR,2,chemical
PVR,AVBL,17,chemical
PVR,ALMR,2,chemical
PVR,DB02,2,chemical
PVR,IL1VL,9,chemical
PVR,DB07,2,chemical
PVR,RIPL,16,chemical
PVR,IL1DR,5,chemical
PVR,SDQR,5,chemical
PVR,URADL,3,chemical
PVR,PVM,1,chemical
PVR,SABD,2,chemical
PVR,VB07,1,chemical
PVR,VB03,2,chemical
FLPR,AVER,7,chemical
FLPR,AVJR,2,chemical
FLPR,AVDR,8,chemical
FLPR,AVJL,2,chemical
FLPR,PVCL,2,chemical
FLPR,AVBR,11,chemical
FLPR,AVAL,23,chemical
FLPR,DVA,6,chemical
FLPR,ADAR,1,chemical
FLPR,ADAL,1,chemical
FLPR,FLPL,14,chemical
FLPR,AVBL,30,chemical
FLPR,VB01,1,chemical
FLPR,AVEL,21,chemical
FLPR,AVAR,10,chemical
FLPR,AVDL,25,chemical
FLPR,ADER,6,chemical
RMFL,BAGL,1,chemical
RMFL,RMDR,13,chemical
RMFL,RIMR,2,chemical
RMFL,SAAVR,1,chemical
RMFL,RIS,1,chemical
RMFL,RMHL,2,chemical
RMFL,AVKR,14,chemical
RMFL,AVKL,9,chemical
RMFL,SMDVL,1,chemical
RMFL,DVC,1,chemical
RMFL,RIBR,1,chemical
RMFL,PVT,3,chemical
AVKR,SIADL,3,chemical
AVKR,SMDVR,1,chemical
AVKR,RIML,5,chemical
AVKR,RMDR,2,chemical
AVKR,RIMR,3,chemical
AVKR,SAADL,2,chemical
AVKR,RMFL,2,chemical
AVKR,RMGL,2,chemical
AVKR,AVKL,3,chemical
AVKR,SMDDR,3,chemical
AVKR,BDUL,3,chemical
AVKR,SMBDL,3,chemical
AVKR,PVPL,1,chemical
AVKR,PVQL,1,chemical
AVKR,RIGL,1,chemical
AVKR,RMHR,1,chemical
AVKR,RMDL,1,chemical
AVKR,PVM,2,chemical
ADFR,AWBR,4,chemical
ADFR,SMBDR,2,chemical
ADFR,BAGL,6,chemical
ADFR,URYVR,2,chemical
ADFR,AUAR,9,chemical
ADFR,RIGR,24,chemical
ADFR,AIZR,37,chemical
ADFR,AFDR,1,chemical
ADFR,RIH,2,chemical
ADFR,SMBVR,19,chemical
ADFR,AIYR,2,chemical
ADFR,ADFR,1,chemical
ADFR,ADAR,4,chemical
ADFR,AVHL,1,chemical
ADFR,ASHR,6,chemical
ADFR,OLQVR,1,chemical
ADFR,AWCR,1,chemical
ADFR,PVPR,1,chemical
ADFR,URXR,10,chemical
ADFR,RIR,7,chemical
ADFR,AWAR,1,chemical
ADFR,RIAR,61,chemical
PHBL,PHBR,4,chemical
PHBL,AVDR,1,chemical
PHBL,PVCL,71,chemical
PHBL,DA08,1,chemical
PHBL,AVAL,48,chemical
PHBL,VA12,5,chemical
PHBL,AS11,1,chemical
PHBL,PVNL,1,chemical
PHBL,AVG,1,chemical
PHBL,AVAR,33,chemical
PHBL,AVDL,6,chemical
SIAVL,SMDVR,10,chemical
SIAVL,PLNL,10,chemical
SIAVL,SMBVL,2,chemical
SIAVL,SIBVR,2,chemical
SIAVL,ADEL,1,chemical
SIAVL,IL2L,1,chemical
AVM,AVJR,1,chemical
AVM,VA02,1,chemical
AVM,AVDR,1,chemical
AVM,PVCL,10,chemical
AVM,AVBR,9,chemical
AVM,DA01,2,chemical
AVM,PVNR,3,chemical
AVM,PVR,6,chemical
AVM,AVHL,3,chemical
AVM,AVKL,1,chemical
AVM,SIBVL,4,chemical
AVM,PVNL,4,chemical
AVM,AVBL,13,chemical
AVM,BDUL,3,chemical
AVM,BDUR,5,chemical
AVM,RID,2,chemical
AVM,PVCR,17,chemical
AVM,AVDL,1,chemical
AVM,ADER,4,chemical
AVM,VB03,1,chemical
VA11,DD06,19,chemical
VA11,VB10,6,chemical
VA11,VD11,5,chemical
VA11,PVNR,1,chemical
VA11,AS08,10,chemical
VA11,AS07,2,chemical
VA11,VD12,3,chemical
VA11,AS09,1,chemical
ADAR,AIBL,1,chemical
ADAR,RIFR,1,chemical
ADAR,AVDR,3,chemical
ADAR,AVJL,13,chemical
ADAR,RIMR,15,chemical
ADAR,AVBR,15,chemical
ADAR,PVR,6,chemical
ADAR,RIPR,9,chemical
ADAR,AIBR,3,chemical
ADAR,ASHR,2,chemical
ADAR,SMDVL,1,chemical
ADAR,AVBL,8,chemical
ADAR,RIVR,5,chemical
ADAR,URXR,2,chemical
ADAR,URYDR,2,chemical
ADAR,AVEL,1,chemical
ADAR,AVAR,8,chemical
ADAR,AVDL,2,chemical
IL2DL,RMED,2,chemical
IL2DL,RMER,8,chemical
IL2DL,RIBL,1,chemical
IL2DL,RIH,2,chemical
IL2DL,AVBR,2,chemical
IL2DL,RMHL,1,chemical
IL2DL,IL2DL,2,chemical
IL2DL,OLQDL,2,chemical
IL2DL,AUAL,2,chemical
IL2DL,RMEV,1,chemical
IL2DL,RMEL,11,chemical
IL2DL,IL1DL,17,chemical
IL2DL,RIPL,28,chemical
IL2DL,URADL,8,chemical
URBR,SIADL,3,chemical
URBR,SIAVR,3,chemical
URBR,CEPDR,1,chemical
URBR,ADLR,2,chemical
URBR,RMDR,1,chemical
URBR,AVBR,1,chemical
URBR,SMBVR,1,chemical
URBR,OLQDR,2,chemical
URBR,ADAR,5,chemical
URBR,OLLR,1,chemical
URBR,CEPVR,4,chemical
URBR,RICL,1,chemical
URBR,SIBVR,2,chemical
URBR,URXR,16,chemical
URBR,SMBDL,4,chemical
URBR,IL1R,5,chemical
URBR,RMGR,8,chemical
URBR,IL2R,3,chemical
URBR,IL1DR,2,chemical
URBR,AVDL,1,chemical
URBR,SIBDR,2,chemical
URBR,RMDL,1,chemical
URBR,RICR,1,chemical
URBR,ADER,1,chemical
IL2DR,RMED,3,chemical
IL2DR,URADR,5,chemical
IL2DR,CEPDR,2,chemical
IL2DR,RMER,11,chemical
IL2DR,OLQDR,2,chemical
IL2DR,RIPR,43,chemical
IL2DR,RICL,1,chemical
IL2DR,RMEV,5,chemical
IL2DR,RMEL,12,chemical
IL2DR,RIPL,1,chemical
IL2DR,IL1DR,28,chemical
IL2DR,RICR,2,chemical
URYVL,AVER,23,chemical
URYVL,AVJR,1,chemical
URYVL,SMDVR,13,chemical
URYVL,AVDR,2,chemical
URYVL,RIBL,9,chemical
URYVL,RIH,2,chemical
URYVL,RIS,1,chemical
URYVL,AVBR,1,chemical
URYVL,OLQVL,9,chemical
URYVL,ADAL,1,chemical
URYVL,RMDVR,17,chemical
URYVL,SIBVL,1,chemical
URYVL,URXL,2,chemical
URYVL,RIAL,2,chemical
URYVL,CEPVL,3,chemical
URYVL,OLLL,9,chemical
URYVL,RMDDL,23,chemical
URYVL,SIBVR,4,chemical
URYVL,IL1VL,1,chemical
URYVL,RID,4,chemical
AVHL,PVQR,3,chemical
AVHL,AVJR,1,chemical
AVHL,AWBR,3,chemical
AVHL,AVFL,1,chemical
AVHL,SMBDR,4,chemical
AVHL,RIFR,1,chemical
AVHL,AVJL,4,chemical
AVHL,RIMR,1,chemical
AVHL,AVBR,1,chemical
AVHL,SMBVR,4,chemical
AVHL,AVHR,1,chemical
AVHL,ADFR,5,chemical
AVHL,ASHR,1,chemical
AVHL,AVFR,5,chemical
AVHL,AVBL,2,chemical
AVHL,PVPR,2,chemical
AVHL,PVPL,1,chemical
AVHL,RIR,2,chemical
AVHL,VD01,1,chemical
AVHL,BDUR,1,chemical
AVHL,DD01,1,chemical
AVHL,AVAR,1,chemical
AVHL,AVDL,1,chemical
AVHL,SABD,1,chemical
VD05,DD03,1,chemical
VD05,VA06,1,chemical
VD05,VA05,2,chemical
VD05,VB01,1,chemical
VD05,AVAR,1,chemical
VD05,VB04,2,chemical
ADAL,AIBL,2,chemical
ADAL,AVJR,11,chemical
ADAL,SMDVR,3,chemical
ADAL,RIML,9,chemical
ADAL,AVDR,2,chemical
ADAL,AVBR,21,chemical
ADAL,AVAL,3,chemical
ADAL,ADAL,6,chemical
ADAL,AIBR,2,chemical
ADAL,ADLL,2,chemical
ADAL,RICL,3,chemical
ADAL,URXL,2,chemical
ADAL,URAVL,1,chemical
ADAL,AVBL,5,chemical
ADAL,AIAL,2,chemical
ADAL,PVPL,1,chemical
ADAL,AVEL,3,chemical
ADAL,AVAR,7,chemical
ADAL,RIPL,4,chemical
ADAL,AVDL,1,chemical
ADAL,RICR,1,chemical
PQR,AVJR,1,chemical
PQR,AVDR,20,chemical
PQR,PVCL,1,chemical
PQR,DA08,1,chemical
PQR,AVAL,23,chemical
PQR,PHBL,2,chemical
PQR,AVHL,1,chemical
PQR,AS11,2,chemical
PQR,PVNL,2,chemical
PQR,LUAR,3,chemical
PQR,PVPR,1,chemical
PQR,AVG,1,chemical
PQR,DB07,2,chemical
PQR,AVAR,26,chemical
PQR,PVCR,1,chemical
PQR,AVDL,15,chemical
DB04,DD06,2,chemical
DB04,DD03,9,chemical
DB04,DA05,3,chemical
DB04,DD05,9,chemical
DB04,DD04,2,chemical
DB04,AS06,2,chemical
DB04,VD06,14,chemical
RIPR,RIH,1,chemical
RIPR,AVBR,2,chemical
RIPR,OLQDR,3,chemical
RIPR,URAVR,1,chemical
RIPR,ADFR,1,chemical
RIPR,URBR,1,chemical
RIPR,OLQVR,2,chemical
RIPR,BAGR,2,chemical
RIPR,IL1R,1,chemical
AQR,BAGL,8,chemical
AQR,AVDR,2,chemical
AQR,AVJL,3,chemical
AQR,PVCL,1,chemical
AQR,AVBR,12,chemical
AQR,AVAL,4,chemical
AQR,DVA,6,chemical
AQR,URXL,5,chemical
AQR,RIAL,8,chemical
AQR,AVBL,7,chemical
AQR,BAGR,5,chemical
AQR,PVPR,1,chemical
AQR,PVPL,3,chemical
AQR,RIR,1,chemical
AQR,RIGL,1,chemical
AQR,AVAR,6,chemical
AQR,PVCR,4,chemical
AQR,RIAR,4,chemical
AQR,AVDL,3,chemical
AIBR,SMDDL,17,chemical
AIBR,SIADL,1,chemical
AIBR,RIML,47,chemical
AIBR,ADLR,1,chemical
AIBR,RIBL,11,chemical
AIBR,RIMR,5,chemical
AIBR,SAADL,2,chemical
AIBR,SAAVR,1,chemical
AIBR,AVBR,13,chemical
AIBR,DVA,1,chemical
AIBR,AIYR,1,chemical
AIBR,RMFL,1,chemical
AIBR,AQR,1,chemical
AIBR,SIBDL,1,chemical
AIBR,AUAL,1,chemical
AIBR,SMDVL,7,chemical
AIBR,RIAL,2,chemical
AIBR,AWCR,1,chemical
AIBR,AIAR,1,chemical
AIBR,VB01,3,chemical
AIBR,RIGL,1,chemical
AIBR,AVEL,4,chemical
AIBR,AVAR,2,chemical
AIBR,SIBDR,1,chemical
AIBR,RICR,1,chemical
AIBR,SAADR,2,chemical
ASHL,AIBL,13,chemical
ASHL,AVFL,2,chemical
ASHL,RIML,4,chemical
ASHL,AVDR,20,chemical
ASHL,ASKL,1,chemical
ASHL,AVAL,15,chemical
ASHL,AVHR,2,chemical
ASHL,ADAL,2,chemical
ASHL,ADLL,6,chemical
ASHL,URXL,2,chemical
ASHL,RIAL,9,chemical
ASHL,AVBL,14,chemical
ASHL,AIZL,3,chemical
ASHL,AIAL,24,chemical
ASHL,ADFL,6,chemical
ASHL,RIR,4,chemical
ASHL,HSNL,2,chemical
ASHL,AVAR,1,chemical
ASHL,RIPL,4,chemical
ASHL,AVDL,7,chemical
VA12,DD06,2,chemical
VA12,DA09,17,chemical
VA12,LUAL,2,chemical
VA12,VB11,4,chemical
VA12,PVCL,3,chemical
VA12,DA08,9,chemical
VA12,AVAL,3,chemical
VA12,VA11,4,chemical
VA12,AS11,6,chemical
VA12,AS08,2,chemical
VA12,AS10,6,chemical
VA12,VD12,7,chemical
VA12,DB07,10,chemical
VA12,VD13,12,chemical
VA12,PHCR,1,chemical
VA12,PVCR,4,chemical
VA12,AS09,8,chemical
ASHR,AVER,7,chemical
ASHR,ADLR,13,chemical
ASHR,AVDR,2,chemical
ASHR,AWBL,1,chemical
ASHR,PVCL,3,chemical
ASHR,AVBR,6,chemical
ASHR,SMBVR,7,chemical
ASHR,ADFR,3,chemical
ASHR,ADAR,5,chemical
ASHR,AVHL,1,chemical
ASHR,AIBR,7,chemical
ASHR,ASHR,2,chemical
ASHR,PVPR,1,chemical
ASHR,AIAR,28,chemical
ASHR,HSNL,4,chemical
ASHR,AWAR,1,chemical
ASHR,RMGR,6,chemical
ASHR,AVAR,10,chemical
ASHR,RIAR,3,chemical
ASHR,HSNR,5,chemical
ASHR,AVDL,27,chemical
DB06,DA09,1,chemical
DB06,DA08,4,chemical
DB06,AS08,2,chemical
DB06,VD09,10,chemical
DB06,VD07,10,chemical
DB06,AS09,1,chemical
DB06,VD08,12,chemical
AS11,DD06,2,chemical
AS11,VD12,20,chemical
AS11,DB07,1,chemical
AS11,VD13,3,chemical
IL1L,AVER,5,chemical
IL1L,URBL,1,chemical
IL1L,RMER,4,chemical
IL1L,RMDR,9,chemical
IL1L,RMGL,1,chemical
IL1L,RMDVR,5,chemical
IL1L,URAVL,4,chemical
IL1L,RMDVL,22,chemical
IL1L,OLLL,1,chemical
IL1L,RMDDL,20,chemical
IL1L,ADEL,3,chemical
IL1L,IL2L,1,chemical
FLPL,AIBL,3,chemical
FLPL,AVDR,34,chemical
FLPL,RIS,1,chemical
FLPL,AVBR,22,chemical
FLPL,AVAL,33,chemical
FLPL,DVA,1,chemical
FLPL,FLPR,2,chemical
FLPL,AIBR,3,chemical
FLPL,VA01,5,chemical
FLPL,AVBL,22,chemical
FLPL,ADEL,22,chemical
FLPL,DD01,6,chemical
FLPL,AVAR,48,chemical
FLPL,PVCR,6,chemical
FLPL,AVDL,30,chemical
FLPL,ADER,3,chemical
DD02,VD03,1,chemical
DD02,VD04,1,chemical
DD02,DA03,2,chemical
SIBDL,SIADL,2,chemical
RMGL,SMDDL,1,chemical
RMGL,SIADL,2,chemical
RMGL,RIFL,1,chemical
RMGL,CEPDL,1,chemical
RMGL,RMDDR,1,chemical
RMGL,SMBVL,2,chemical
RMGL,RMDR,16,chemical
RMGL,SAADL,1,chemical
RMGL,AVBR,3,chemical
RMGL,RMHL,1,chemical
RMGL,AVAL,3,chemical
RMGL,SIAVL,4,chemical
RMGL,ADAL,4,chemical
RMGL,AIBR,2,chemical
RMGL,ASHL,1,chemical
RMGL,ADLL,1,chemical
RMGL,AVFR,1,chemical
RMGL,SIBVL,4,chemical
RMGL,URXL,3,chemical
RMGL,RMDVL,15,chemical
RMGL,SIADR,2,chemical
RMGL,SMDDR,2,chemical
RMGL,SIBVR,4,chemical
RMGL,PVPL,1,chemical
RMGL,RID,2,chemical
RMGL,AVEL,2,chemical
RMGL,RMHR,4,chemical
RMGL,SIBDR,1,chemical
RMGL,RMDL,2,chemical
RMGL,AIML,3,chemical
AS08,VD08,20,chemical
AVKL,AVER,2,chemical
AVKL,SIAVR,2,chemical
AVKL,RIML,3,chemical
AVKL,PDEL,2,chemical
AVKL,RIMR,2,chemical
AVKL,SAADL,1,chemical
AVKL,PDER,1,chemical
AVKL,DVA,1,chemical
AVKL,RMFL,2,chemical
AVKL,AVM,2,chemical
AVKL,AVBL,2,chemical
AVKL,RIVL,5,chemical
AVKL,VB01,3,chemical
AVKL,AVEL,4,chemical
AVKL,SIBDR,2,chemical
AVKL,RMDL,1,chemical
AVKL,SAADR,3,chemical
PDB,DD06,2,chemical
PDB,VD12,10,chemical
PDB,VD13,2,chemical
OLLR,SMDDL,3,chemical
OLLR,RMED,1,chemical
OLLR,CEPDR,4,chemical
OLLR,SMDVR,4,chemical
OLLR,RMER,3,chemical
OLLR,IL1VR,2,chemical
OLLR,RMDDR,26,chemical
OLLR,RMDR,2,chemical
OLLR,RIS,2,chemical
OLLR,OLQDR,1,chemical
OLLR,OLLR,4,chemical
OLLR,RMDVR,6,chemical
OLLR,CEPVR,16,chemical
OLLR,SMDVL,11,chemical
OLLR,SMDDR,1,chemical
OLLR,RIBR,21,chemical
OLLR,IL2R,1,chemical
OLLR,AVEL,39,chemical
OLLR,IL1DR,1,chemical
OLLR,RMDL,9,chemical
OLLR,ADER,2,chemical
ALNL,SMBDR,7,chemical
ALNL,SAAVL,8,chemical
ALNL,RMDDR,1,chemical
ALNL,RMHL,1,chemical
ALNL,RMGL,1,chemical
ALNL,SMDVL,1,chemical
ALNL,RIAL,1,chemical
ALNL,SIADR,1,chemical
RMDVR,CEPDR,2,chemical
RMDVR,SMBDR,1,chemical
RMDVR,OLQVL,2,chemical
RMDVR,SIAVL,2,chemical
RMDVR,IL1L,1,chemical
RMDVR,RMDVR,2,chemical
RMDVR,URAVL,8,chemical
RMDVR,RMDDL,43,chemical
RMDVR,SIBVR,1,chemical
RMDVR,AVAR,1,chemical
RMDVR,IL1DR,1,chemical
RMDVR,RIAR,1,chemical
VA10,DD06,9,chemical
VA10,VD11,3,chemical
VA10,VB09,1,chemical
VA10,DD05,9,chemical
VA10,AS10,1,chemical
VA10,AS06,3,chemical
VA10,AS07,6,chemical
VA10,VB08,1,chemical
VA10,VD12,3,chemical
VA10,VD10,2,chemical
CEPVR,SIAVR,7,chemical
CEPVR,CEPDR,1,chemical
CEPVR,ADLR,3,chemical
CEPVR,URYVR,2,chemical
CEPVR,IL1VR,8,chemical
CEPVR,RMDDR,4,chemical
CEPVR,SMBVR,2,chemical
CEPVR,URAVR,3,chemical
CEPVR,RIPR,3,chemical
CEPVR,OLLR,14,chemical
CEPVR,OLQVR,11,chemical
CEPVR,RICL,13,chemical
CEPVR,RIAL,1,chemical
CEPVR,SMDDR,2,chemical
CEPVR,ASGR,2,chemical
CEPVR,RIVL,2,chemical
CEPVR,AVEL,13,chemical
CEPVR,IL2VR,3,chemical
CEPVR,RIAR,1,chemical
CEPVR,RMHR,15,chemical
CEPVR,RICR,12,chemical
ADLL,AIBL,26,chemical
ADLL,AWCL,2,chemical
ADLL,AVJR,9,chemical
ADLL,AVDR,15,chemical
ADLL,AVJL,3,chemical
ADLL,SMBVL,5,chemical
ADLL,AWBL,3,chemical
ADLL,AVAL,9,chemical
ADLL,ALA,5,chemical
ADLL,OLQVL,2,chemical
ADLL,ADAL,1,chemical
ADLL,ASHL,6,chemical
ADLL,ASEL,1,chemical
ADLL,RIAL,1,chemical
ADLL,AVBL,12,chemical
ADLL,AIAL,19,chemical
ADLL,RIR,1,chemical
ADLL,RIGL,1,chemical
ADLL,AVAR,5,chemical
ADLL,RIPL,3,chemical
ADLL,AWAL,1,chemical
ADLL,ASGL,2,chemical
ADLL,AVDL,4,chemical
ADLL,ASER,12,chemical
OLQDL,RMED,1,chemical
OLQDL,CEPDL,3,chemical
OLQDL,URYDL,3,chemical
OLQDL,RMDDR,10,chemical
OLQDL,RIH,3,chemical
OLQDL,RMHL,1,chemical
OLQDL,SIBVL,10,chemical
OLQDL,RMDDL,1,chemical
OLQDL,RMEL,2,chemical
OLQDL,RICR,6,chemical
OLQVR,RMER,2,chemical
OLQVR,IL1VR,2,chemical
OLQVR,RIH,18,chemical
OLQVR,RIPR,18,chemical
OLQVR,RMDVL,18,chemical
OLQVR,RMHR,1,chemical
OLQVR,SIBDR,18,chemical
OLQVR,RICR,3,chemical
AVFR,AVJR,1,chemical
AVFR,AVFL,7,chemical
AVFR,PVDL,1,chemical
AVFR,VD11,1,chemical
AVFR,VA02,1,chemical
AVFR,AVJL,5,chemical
AVFR,AVBR,6,chemical
AVFR,AVAL,1,chemical
AVFR,AVHR,3,chemical
AVFR,AVHL,3,chemical
AVFR,ASHR,1,chemical
AVFR,RMGL,1,chemical
AVFR,AVBL,6,chemical
AVFR,RMDDL,1,chemical
AVFR,PVPR,1,chemical
AVFR,AVG,1,chemical
AVFR,AIAL,1,chemical
AVFR,HSNL,4,chemical
AVFR,PVQL,2,chemical
AVFR,PVCR,1,chemical
AVFR,HSNR,3,chemical
AVFR,AIML,1,chemical
AUAL,AVDR,2,chemical
AUAL,RIBL,35,chemical
AUAL,AVAL,11,chemical
AUAL,DVA,2,chemical
AUAL,AIBR,1,chemical
AUAL,URXL,1,chemical
AUAL,RIAL,21,chemical
AUAL,BAGR,3,chemical
AUAL,AIZL,2,chemical
AUAL,ADFL,1,chemical
AUAL,AIYL,1,chemical
AUAL,AVEL,9,chemical
VD09,VA09,3,chemical
VD09,VB08,2,chemical
RICL,SMDDL,11,chemical
RICL,CEPDL,1,chemical
RICL,SMDVR,1,chemical
RICL,RIML,1,chemical
RICL,SMBDR,1,chemical
RICL,ADLR,2,chemical
RICL,SAAVL,2,chemical
RICL,RIMR,8,chemical
RICL,AVAL,15,chemical
RICL,OLQVL,1,chemical
RICL,ADAR,7,chemical
RICL,URBR,2,chemical
RICL,ADAL,1,chemical
RICL,SMDDR,8,chemical
RICL,CEPVL,2,chemical
RICL,RIVR,4,chemical
RICL,SMBDL,5,chemical
RICL,AVAR,18,chemical
RICL,RMFR,2,chemical
RICL,RICR,2,chemical
SIBVL,SIAVR,5,chemical
SIBVL,SMBDR,1,chemical
SIBVL,ALNR,1,chemical
SIBVL,PVPL,1,chemical
SMDVL,SIAVR,30,chemical
SMDVL,SMDVR,2,chemical
SMDVL,PLNL,6,chemical
SMDVL,RMDDR,3,chemical
SMDVL,PVR,1,chemical
SMDVL,ALNL,2,chemical
SMDVL,CEPVR,1,chemical
SMDVL,SIBVL,30,chemical
SMDVL,ALNR,6,chemical
SMDVL,RIAL,19,chemical
SMDVL,SIADR,1,chemical
SMDVL,SMDDR,22,chemical
SMDVL,RIBR,1,chemical
SMDVL,RIVL,6,chemical
SMDVL,RIAR,31,chemical
SMDVL,IL2L,1,chemical
ASEL,AIBL,16,chemical
ASEL,AWCL,16,chemical
ASEL,ASJL,1,chemical
ASEL,AFDR,3,chemical
ASEL,AWBL,1,chemical
ASEL,AIYR,21,chemical
ASEL,ADFR,1,chemical
ASEL,AIBR,13,chemical
ASEL,OLLR,1,chemical
ASEL,AWCR,11,chemical
ASEL,AIZL,1,chemical
ASEL,AIAL,6,chemical
ASEL,RIR,1,chemical
ASEL,AIYL,32,chemical
ASEL,IL2R,1,chemical
ASEL,RIAR,2,chemical
ASEL,ASER,2,chemical
URXL,CEPDL,1,chemical
URXL,AVJR,4,chemical
URXL,AVDR,1,chemical
URXL,AVAL,1,chemical
URXL,OLQVL,2,chemical
URXL,ADAL,6,chemical
URXL,ASHL,1,chemical
URXL,RMGL,5,chemical
URXL,AUAL,14,chemical
URXL,RICL,8,chemical
URXL,URXL,3,chemical
URXL,RIAL,15,chemical
URXL,AVBL,4,chemical
URXL,BAGR,2,chemical
URXL,AIZL,1,chemical
URXL,ASIL,1,chemical
URXL,ADFL,1,chemical
URXL,RIR,1,chemical
URXL,RID,1,chemical
URXL,IL1DL,2,chemical
URXL,RIGL,6,chemical
URXL,AVEL,9,chemical
URXL,HSNR,1,chemical
URXL,IL2L,1,chemical
URXL,AIML,2,chemical
ALNR,RIML,5,chemical
ALNR,SAAVR,6,chemical
ALNR,AVAL,6,chemical
ALNR,SMDVL,2,chemical
ALNR,SMDDR,1,chemical
ALNR,SMBDL,4,chemical
ALNR,ADER,1,chemical
PVNL,LUAL,3,chemical
PVNL,PVWL,4,chemical
PVNL,AVJR,8,chemical
PVNL,PVDL,3,chemical
PVNL,AVDR,6,chemical
PVNL,AVJL,6,chemical
PVNL,AVL,1,chemical
PVNL,PVCL,5,chemical
PVNL,AVBR,2,chemical
PVNL,PVNR,9,chemical
PVNL,AVAL,6,chemical
PVNL,PQR,5,chemical
PVNL,VA12,1,chemical
PVNL,BDUL,5,chemical
PVNL,PVPR,1,chemical
PVNL,AVG,2,chemical
PVNL,BDUR,2,chemical
PVNL,DD01,5,chemical
PVNL,VD12,1,chemical
PVNL,PVWR,1,chemical
PVNL,PVT,6,chemical
PVNL,AVDL,7,chemical
URAVL,AVER,1,chemical
URAVL,RMER,3,chemical
URAVL,RIBL,1,chemical
URAVL,IL1L,3,chemical
URAVL,RMDVR,1,chemical
URAVL,DVC,1,chemical
URAVL,CEPVL,1,chemical
URAVL,RMDDL,7,chemical
URAVL,IL1VL,6,chemical
URAVL,RMEV,10,chemical
URAVL,RMEL,8,chemical
URAVL,RIPL,15,chemical
RMDVL,AVER,2,chemical
RMDVL,CEPDL,2,chemical
RMDVL,SIAVR,2,chemical
RMDVL,URYVR,1,chemical
RMDVL,RMDDR,41,chemical
RMDVL,RMDR,2,chemical
RMDVL,RMDVR,1,chemical
RMDVL,OLQVR,3,chemical
RMDVL,IL1R,2,chemical
RMDVL,IL2VR,1,chemical
RMDVL,SIBDR,1,chemical
VA01,DA02,1,chemical
VA01,VD01,3,chemical
VA01,DD01,12,chemical
VB02,VC02,1,chemical
VB02,VD02,14,chemical
VB02,VA02,5,chemical
VB02,VD03,4,chemical
VB02,DD02,1,chemical
VB02,VA03,11,chemical
VB02,DD01,30,chemical
VB02,AVEL,1,chemical
RIAL,SMDDL,22,chemical
RIAL,SIADL,3,chemical
RIAL,CEPDL,1,chemical
RIAL,SIAVR,2,chemical
RIAL,SMDVR,32,chemical
RIAL,RIML,2,chemical
RIAL,SMBDR,7,chemical
RIAL,RMDDR,35,chemical
RIAL,RIBL,2,chemical
RIAL,RMDR,17,chemical
RIAL,RIMR,2,chemical
RIAL,SAADL,1,chemical
RIAL,AVAL,2,chemical
RIAL,AQR,4,chemical
RIAL,RMDVR,48,chemical
RIAL,SMDVL,14,chemical
RIAL,URXL,2,chemical
RIAL,RMDVL,48,chemical
RIAL,SMDDR,33,chemical
RIAL,RMDDL,48,chemical
RIAL,BAGR,2,chemical
RIAL,AIZL,1,chemical
RIAL,RIVR,12,chemical
RIAL,RIVL,8,chemical
RIAL,RIR,3,chemical
RIAL,RIAR,23,chemical
RIAL,RMDL,26,chemical
SIADR,CEPDL,1,chemical
SIADR,SMBDR,17,chemical
SIADR,IL1VR,1,chemical
SIADR,ALML,1,chemical
SIADR,AVAL,1,chemical
SIADR,SMDDR,17,chemical
SIADR,SDQL,4,chemical
SIADR,SIBDR,4,chemical
SMDDR,SMDDL,4,chemical
SMDDR,AVER,1,chemical
SMDDR,ASJL,1,chemical
SMDDR,SMBDR,3,chemical
SMDDR,RIBL,1,chemical
SMDDR,AIZR,2,chemical
SMDDR,RMDR,1,chemical
SMDDR,RIMR,3,chemical
SMDDR,RIS,3,chemical
SMDDR,ALNL,1,chemical
SMDDR,SMDVL,5,chemical
SMDDR,ALNR,2,chemical
SMDDR,RIAL,5,chemical
SMDDR,SIADR,14,chemical
SMDDR,RIVL,1,chemical
SMDDR,RIAR,3,chemical
SMDDR,ASGL,1,chemical
SMDDR,SIBDR,14,chemical
DVC,AIBL,3,chemical
DVC,RIBL,2,chemical
DVC,RIGR,13,chemical
DVC,AVAL,14,chemical
DVC,RMFL,14,chemical
DVC,AIBR,3,chemical
DVC,AVKL,2,chemical
DVC,VD09,2,chemical
DVC,URAVL,1,chemical
DVC,AVBL,1,chemical
DVC,RIBR,6,chemical
DVC,RIVR,2,chemical
DVC,RIGL,16,chemical
DVC,AVAR,16,chemical
DVC,PVDR,1,chemical
DVC,PVT,1,chemical
DVC,RMFR,9,chemical
AWCR,AIBL,3,chemical
AWCR,AWCL,17,chemical
AWCR,ASIR,2,chemical
AWCR,AIYR,22,chemical
AWCR,ADFR,1,chemical
AWCR,AIBR,18,chemical
AWCR,ASHR,1,chemical
AWCR,ASEL,8,chemical
AWCR,RIAL,3,chemical
AWCR,ASGR,3,chemical
AWCR,ASIL,2,chemical
AWCR,AIAL,1,chemical
AWCR,AIAR,8,chemical
AWCR,RIVL,3,chemical
AWCR,AIYL,12,chemical
AWCR,IL2L,2,chemical
AWCR,ASER,5,chemical
CEPVL,AVER,5,chemical
CEPVL,SMDVR,1,chemical
CEPVL,RIBL,3,chemical
CEPVL,SMBVL,1,chemical
CEPVL,RMHL,10,chemical
CEPVL,OLQVL,19,chemical
CEPVL,PVR,3,chemical
CEPVL,SIAVL,6,chemical
CEPVL,URYVL,5,chemical
CEPVL,RMGL,2,chemical
CEPVL,RMDVR,8,chemical
CEPVL,RICL,20,chemical
CEPVL,URXL,2,chemical
CEPVL,URAVL,6,chemical
CEPVL,RIAL,1,chemical
CEPVL,OLLL,4,chemical
CEPVL,RMDDL,7,chemical
CEPVL,IL1VL,9,chemical
CEPVL,RIPL,4,chemical
CEPVL,RMHR,5,chemical
CEPVL,RICR,17,chemical
OLLL,SMDDL,8,chemical
OLLL,AVER,53,chemical
OLLL,CEPDL,5,chemical
OLLL,SMDVR,10,chemical
OLLL,URYDL,2,chemical
OLLL,RIBL,24,chemical
OLLL,URYVL,1,chemical
OLLL,RMDVL,3,chemical
OLLL,SMDDR,9,chemical
OLLL,CEPVL,14,chemical
OLLL,OLLL,4,chemical
OLLL,RMDDL,22,chemical
OLLL,IL1VL,3,chemical
OLLL,ADEL,5,chemical
OLLL,RMEL,5,chemical
OLLL,RMDL,6,chemical
AS10,VD11,10,chemical
AS10,VD10,10,chemical
ASKR,ADLR,3,chemical
ASKR,RIFR,1,chemical
ASKR,AIMR,5,chemical
ASKR,ALA,1,chemical
ASKR,AIBR,2,chemical
ASKR,CEPVR,2,chemical
ASKR,ASGR,1,chemical
ASKR,AIAL,1,chemical
ASKR,AIAR,35,chemical
ASKR,HSNL,1,chemical
ASKR,AWAR,2,chemical
ASKR,ASER,1,chemical
VA06,DD03,21,chemical
VA06,VB05,7,chemical
VA06,VD05,3,chemical
VA06,VA05,2,chemical
VA06,AS01,13,chemical
VA06,AVAR,1,chemical
VA06,VB04,1,chemical
VA06,AS02,1,chemical
VA06,VD06,6,chemical
AS06,DD03,4,chemical
AS06,DA05,1,chemical
AS06,DB04,1,chemical
AS06,VD06,20,chemical
AVBL,AVER,1,chemical
AVBL,AVJR,1,chemical
AVBL,DA05,1,chemical
AVBL,AS05,2,chemical
AVBL,VA02,3,chemical
AVBL,AVDR,3,chemical
AVBL,AVL,1,chemical
AVBL,AVBR,6,chemical
AVBL,PVNR,3,chemical
AVBL,AVAL,9,chemical
AVBL,DVA,2,chemical
AVBL,VA11,1,chemical
AVBL,VA10,1,chemical
AVBL,VB02,3,chemical
AVBL,AS10,2,chemical
AVBL,PVPR,3,chemical
AVBL,AVEL,1,chemical
AVBL,AVAR,14,chemical
AVBL,VC03,3,chemical
AVBL,PVCR,2,chemical
AVBL,DA07,1,chemical
AVBL,SDQL,1,chemical
AVBL,AS04,1,chemical
BDUL,RIFL,2,chemical
BDUL,AVJR,2,chemical
BDUL,ALML,1,chemical
BDUL,SAADL,3,chemical
BDUL,PVNR,4,chemical
BDUL,AVHL,2,chemical
BDUL,ADAL,2,chemical
BDUL,RMGL,3,chemical
BDUL,PVNL,2,chemical
BDUL,ADEL,6,chemical
BDUL,HSNL,3,chemical
BDUL,URADL,3,chemical
RMDDL,AVER,1,chemical
RMDDL,RMHL,1,chemical
RMDDL,RMDVR,22,chemical
RMDDL,RMDVL,1,chemical
RMDDL,RIAL,1,chemical
RMDDL,CEPVL,2,chemical
RMDDL,IL1R,9,chemical
RMDDL,RMEV,2,chemical
RMDDL,IL1DR,2,chemical
ASGR,AIYR,1,chemical
ASGR,AIBR,20,chemical
ASGR,AIAR,51,chemical
ASGR,ASER,3,chemical
BAGR,BAGL,3,chemical
BAGR,RIBL,22,chemical
BAGR,AVAL,4,chemical
BAGR,OLQVL,2,chemical
BAGR,AQR,3,chemical
BAGR,SMDVL,1,chemical
BAGR,RIAL,18,chemical
BAGR,RIBR,1,chemical
BAGR,RIGL,10,chemical
BAGR,AIYL,3,chemical
BAGR,AVEL,8,chemical
LUAR,PVWL,3,chemical
LUAR,AVJR,4,chemical
LUAR,AVDR,14,chemical
LUAR,AVAL,13,chemical
LUAR,PVR,2,chemical
LUAR,PQR,7,chemical
LUAR,PDB,2,chemical
LUAR,PVNL,1,chemical
LUAR,AVAR,31,chemical
LUAR,PVWR,2,chemical
LUAR,PVCR,9,chemical
LUAR,AVDL,5,chemical
VD04,VA04,1,chemical
VD04,VB03,2,chemical
AIZL,AVER,26,chemical
AIZL,AIBL,10,chemical
AIZL,AFDL,1,chemical
AIZL,RIML,35,chemical
AIZL,URYDL,3,chemical
AIZL,SMBVL,21,chemical
AIZL,DVA,1,chemical
AIZL,AVKR,4,chemical
AIZL,AIBR,53,chemical
AIZL,SMDVL,3,chemical
AIZL,ASEL,4,chemical
AIZL,VB02,1,chemical
AIZL,RIAL,29,chemical
AIZL,AWCR,2,chemical
AIZL,AIAL,12,chemical
AIZL,ADFL,1,chemical
AIZL,SMBDL,24,chemical
AIZL,RIGL,4,chemical
AIZL,AVEL,3,chemical
AIZL,RICR,11,chemical
PVPR,PVQR,1,chemical
PVPR,AVJL,2,chemical
PVPR,RIGR,2,chemical
PVPR,AVL,4,chemical
PVPR,RIMR,1,chemical
PVPR,PVCL,6,chemical
PVPR,AVBR,11,chemical
PVPR,AVAL,1,chemical
PVPR,ADFR,2,chemical
PVPR,AVHL,3,chemical
PVPR,AQR,5,chemical
PVPR,ASHR,2,chemical
PVPR,DD02,1,chemical
PVPR,DVC,3,chemical
PVPR,AVBL,8,chemical
PVPR,AVG,1,chemical
PVPR,URXR,1,chemical
PVPR,AVAR,5,chemical
PVPR,PVCR,13,chemical
PVPR,RIAR,2,chemical
PVPR,HSNR,2,chemical
ASIL,AIBL,3,chemical
ASIL,AWCL,3,chemical
ASIL,SAAVL,2,chemical
ASIL,ASKL,3,chemical
ASIL,RIBL,1,chemical
ASIL,AIYR,2,chemical
ASIL,RMFL,1,chemical
ASIL,CEPVR,1,chemical
ASIL,RIAL,3,chemical
ASIL,AWCR,4,chemical
ASIL,AIZL,1,chemical
ASIL,AIAL,2,chemical
ASIL,ADFL,1,chemical
ASIL,AWAR,2,chemical
ASIL,AIYL,3,chemical
ASIL,ASGL,3,chemical
ASIL,ASER,8,chemical
ALMR,SMDDL,1,chemical
ALMR,SIADL,1,chemical
ALMR,CEPDR,1,chemical
ALMR,URBR,1,chemical
ALMR,CEPVR,3,chemical
ALMR,RMDDL,1,chemical
ALMR,BDUR,14,chemical
ALMR,PVCR,10,chemical
DB02,DA02,3,chemical
DB02,DA04,1,chemical
DB02,VD03,33,chemical
DB02,DD02,16,chemical
DB02,VD04,15,chemical
DB02,AS03,3,chemical
DB02,DD01,3,chemical
DB02,DA03,12,chemical
DB02,AS04,2,chemical
SIBVR,AVDR,1,chemical
SIBVR,SIAVL,5,chemical
SIBVR,RID,1,chemical
IL1VL,AVL,1,chemical
IL1VL,RMHL,1,chemical
IL1VL,OLQVL,2,chemical
IL1VL,URYVL,4,chemical
IL1VL,IL1L,3,chemical
IL1VL,RMDVR,3,chemical
IL1VL,URAVL,4,chemical
IL1VL,RMDDL,30,chemical
IL1VL,IL1VL,5,chemical
IL1VL,RIPL,13,chemical
RIBR,SMDDL,2,chemical
RIBR,AVER,4,chemical
RIBR,AIBL,3,chemical
RIBR,RMED,1,chemical
RIBR,SMDVR,2,chemical
RIBR,BAGL,8,chemical
RIBR,URYVR,2,chemical
RIBR,AUAR,2,chemical
RIBR,RIGR,5,chemical
RIBR,AIZR,2,chemical
RIBR,RIH,2,chemical
RIBR,RIS,1,chemical
RIBR,AINL,1,chemical
RIBR,OLLR,1,chemical
RIBR,RMDVR,1,chemical
RIBR,SMDVL,2,chemical
RIBR,AVBL,2,chemical
RIBR,AVEL,6,chemical
RIBR,AVAR,6,chemical
RIBR,RIAR,8,chemical
AVG,AVER,1,chemical
AVG,VC01,2,chemical
AVG,PVQR,2,chemical
AVG,AVJR,3,chemical
AVG,AVFL,3,chemical
AVG,AVDR,3,chemical
AVG,AVJL,7,chemical
AVG,PVCL,1,chemical
AVG,AVBR,3,chemical
AVG,PVNR,4,chemical
AVG,DA08,1,chemical
AVG,AVAL,3,chemical
AVG,PHAL,3,chemical
AVG,PVNL,2,chemical
AVG,DVC,2,chemical
AVG,VA06,1,chemical
AVG,AVBL,5,chemical
AVG,AVG,2,chemical
AVG,AVEL,2,chemical
AVG,AVAR,3,chemical
AVG,PVCR,2,chemical
AVG,PVT,2,chemical
AVG,AVDL,1,chemical
VA03,VD02,3,chemical
VA03,VD03,11,chemical
VA03,DD02,10,chemical
VA03,VB02,1,chemical
VA03,DD01,18,chemical
VA03,VA04,2,chemical
VA03,VB03,3,chemical
RIVR,SMDDL,6,chemical
RIVR,SMDVR,3,chemical
RIVR,SMBVL,1,chemical
RIVR,RMDR,4,chemical
RIVR,SAADL,12,chemical
RIVR,SIAVL,5,chemical
RIVR,RMDVR,1,chemical
RIVR,RIAL,6,chemical
RIVR,RMDDL,1,chemical
RIVR,RIVL,8,chemical
RIVR,RIAR,2,chemical
RIVR,RMHR,2,chemical
AIAL,AIBL,35,chemical
AIAL,RIFL,10,chemical
AIAL,AWCL,1,chemical
AIAL,ASJL,4,chemical
AIAL,ASKL,9,chemical
AIAL,ADAL,1,chemical
AIAL,ASHL,1,chemical
AIAL,RMGL,2,chemical
AIAL,ADLL,1,chemical
AIAL,ASEL,5,chemical
AIAL,AWCR,6,chemical
AIAL,AIZL,4,chemical
AIAL,ADFL,2,chemical
AIAL,RIR,2,chemical
AIAL,PVQL,1,chemical
AIAL,ASGL,1,chemical
AIAL,ASER,10,chemical
AIAL,AIML,6,chemical
URXR,AVER,2,chemical
URXR,SIADL,2,chemical
URXR,SIAVR,4,chemical
URXR,AWBR,2,chemical
URXR,CEPDR,1,chemical
URXR,ADLR,3,chemical
URXR,RIFR,3,chemical
URXR,AUAR,21,chemical
URXR,RIGR,7,chemical
URXR,AIMR,3,chemical
URXR,RMDR,8,chemical
URXR,AVBR,3,chemical
URXR,SMBVR,7,chemical
URXR,ADFR,4,chemical
URXR,ADAR,1,chemical
URXR,URBR,8,chemical
URXR,RIPR,10,chemical
URXR,OLQVR,2,chemical
URXR,AVBL,2,chemical
URXR,RMDDL,2,chemical
URXR,ALMR,1,chemical
URXR,RIR,4,chemical
URXR,RMGR,6,chemical
URXR,AVAR,2,chemical
URXR,RIAR,20,chemical
URXR,RICR,3,chemical
ADFL,AIBL,2,chemical
ADFL,AFDL,1,chemical
ADFL,RIBL,4,chemical
ADFL,RIGR,1,chemical
ADFL,SMBVL,9,chemical
ADFL,AWBL,2,chemical
ADFL,ADAL,2,chemical
ADFL,AIBR,1,chemical
ADFL,ADLL,1,chemical
ADFL,AUAL,12,chemical
ADFL,SMDVL,1,chemical
ADFL,URXL,1,chemical
ADFL,RIAL,46,chemical
ADFL,AWCR,2,chemical
ADFL,AIZL,39,chemical
ADFL,AIAL,2,chemical
ADFL,SMBDL,1,chemical
ADFL,RIVL,1,chemical
ADFL,RIR,4,chemical
ADFL,RIGL,4,chemical
PHCL,DA09,1,chemical
PHCL,PVQR,2,chemical
PHCL,LUAL,2,chemical
PHCL,PHAR,1,chemical
PHCL,PVCL,7,chemical
PHCL,AVAL,5,chemical
PHCL,AVHR,1,chemical
PHCL,DVA,12,chemical
PHCL,VA12,6,chemical
PHCL,PHCR,2,chemical
ADEL,URBL,2,chemical
ADEL,RIFL,1,chemical
ADEL,CEPDL,1,chemical
ADEL,RMER,1,chemical
ADEL,SMBDR,1,chemical
ADEL,RIGR,15,chemical
ADEL,SMBVL,2,chemical
ADEL,AVL,1,chemical
ADEL,RIH,3,chemical
ADEL,ALML,1,chemical
ADEL,RMHL,1,chemical
ADEL,AVAL,7,chemical
ADEL,AVHL,2,chemical
ADEL,ADAL,1,chemical
ADEL,IL1L,3,chemical
ADEL,FLPL,4,chemical
ADEL,RMGL,7,chemical
ADEL,RIAL,2,chemical
ADEL,SIADR,2,chemical
ADEL,CEPVL,1,chemical
ADEL,OLLL,6,chemical
ADEL,BDUL,1,chemical
ADEL,RIVR,2,chemical
ADEL,ADEL,2,chemical
ADEL,RIVL,2,chemical
ADEL,VB01,2,chemical
ADEL,RIGL,18,chemical
ADEL,AVEL,3,chemical
ADEL,AVAR,9,chemical
ADEL,IL2L,5,chemical
ADEL,AVDL,2,chemical
ADEL,RMHR,2,chemical
ADEL,SIBDR,2,chemical
ADEL,RMDL,11,chemical
ADEL,SAADR,1,chemical
ADEL,ADER,5,chemical
SMBDL,SMDDL,7,chemical
SMBDL,RMED,4,chemical
SMBDL,SIADL,19,chemical
SMBDL,SMBVL,2,chemical
SMBDL,RIH,2,chemical
SMBDL,SAAVR,9,chemical
SMBDL,SIAVL,3,chemical
SMBDL,ALNR,1,chemical
SMBDL,AIZL,1,chemical
SMBDL,SDQR,18,chemical
PLMR,PDEL,18,chemical
PLMR,AVDR,5,chemical
PLMR,PDER,10,chemical
PLMR,AVAL,3,chemical
PLMR,DVA,19,chemical
PLMR,AVAR,5,chemical
PLMR,AVDL,8,chemical
IL1R,AVER,5,chemical
IL1R,RMDDR,12,chemical
IL1R,RMDR,4,chemical
IL1R,RMHL,3,chemical
IL1R,OLLR,1,chemical
IL1R,RMDVR,17,chemical
IL1R,RMDVL,8,chemical
IL1R,RMDDL,8,chemical
IL1R,URXR,1,chemical
IL1R,RMEL,5,chemical
IL1R,AVEL,2,chemical
IL1R,RMDL,11,chemical
AS07,VD07,20,chemical
AIAR,AWCL,6,chemical
AIAR,ADLR,10,chemical
AIAR,RIFR,10,chemical
AIAR,AIZR,2,chemical
AIAR,ASIR,2,chemical
AIAR,ADAR,4,chemical
AIAR,AIBR,33,chemical
AIAR,AWCR,6,chemical
AIAR,ASKR,1,chemical
AIAR,ASGR,5,chemical
AIAR,AIAR,1,chemical
AIAR,AWAR,4,chemical
AIAR,ASER,5,chemical
PVPL,PVDL,1,chemical
PVPL,AVDR,3,chemical
PVPL,PVCL,3,chemical
PVPL,AVBR,12,chemical
PVPL,AVAL,4,chemical
PVPL,AVHR,3,chemical
PVPL,ADAL,1,chemical
PVPL,AQR,8,chemical
PVPL,AVBL,13,chemical
PVPL,RIR,1,chemical
PVPL,RIGL,3,chemical
PVPL,AVAR,3,chemical
PVPL,PVCR,9,chemical
RIVL,SIAVR,5,chemical
RIVL,SMDVL,2,chemical
RIVL,RMDVL,5,chemical
RIVL,RIAL,5,chemical
RIVL,SMDDR,8,chemical
RIVL,RIVR,1,chemical
RIVL,RIAR,2,chemical
RIVL,RMDL,4,chemical
RIVL,SAADR,11,chemical
RIR,AWBR,1,chemical
RIR,RIGR,4,chemical
RIR,AIMR,1,chemical
RIR,AIZR,15,chemical
RIR,AFDR,1,chemical
RIR,DVA,9,chemical
RIR,ADFR,4,chemical
RIR,ADAR,1,chemical
RIR,AQR,2,chemical
RIR,ASHL,1,chemical
RIR,ASHR,1,chemical
RIR,RMGL,1,chemical
RIR,AUAL,7,chemical
RIR,URXL,9,chemical
RIR,RIAL,11,chemical
RIR,BAGR,1,chemical
RIR,AIZL,12,chemical
RIR,PVPR,1,chemical
RIR,URXR,6,chemical
RIR,ADFL,1,chemical
RIR,PVPL,2,chemical
RIR,HSNL,1,chemical
RIR,RIGL,2,chemical
RIR,RMGR,1,chemical
RIR,AVEL,4,chemical
RIR,RIAR,4,chemical
RMEV,RMED,1,chemical
RMEV,RMDDR,1,chemical
RMEV,RIH,2,chemical
RMEV,RIS,1,chemical
RMEV,SMDVL,1,chemical
RMEV,SMDDR,1,chemical
RMEV,RMDDL,1,chemical
RMEV,RIBR,2,chemical
VD07,VA07,2,chemical
VD07,DD04,1,chemical
VD07,VB06,2,chemical
VD07,VB07,1,chemical
VD01,VA01,8,chemical
VD01,DD01,2,chemical
VD01,VB01,5,chemical
BDUR,URADR,3,chemical
BDUR,AVJL,5,chemical
BDUR,PVCL,3,chemical
BDUR,AVBR,1,chemical
BDUR,PVNR,5,chemical
BDUR,AVAL,7,chemical
BDUR,AVHL,2,chemical
BDUR,CEPVR,1,chemical
BDUR,PVNL,11,chemical
BDUR,ALMR,4,chemical
BDUR,SDQL,2,chemical
BDUR,HSNR,8,chemical
BDUR,ADER,4,chemical
URYDR,SMDDL,11,chemical
URYDR,AVER,2,chemical
URYDR,RMED,7,chemical
URYDR,AWCL,1,chemical
URYDR,CEPDR,3,chemical
URYDR,SMDVR,3,chemical
URYDR,OLQDR,1,chemical
URYDR,RMDVR,12,chemical
URYDR,AVBL,1,chemical
URYDR,RMDDL,9,chemical
URYDR,RIBR,1,chemical
URYDR,URXR,1,chemical
URYDR,AVEL,5,chemical
URYDR,IL1DR,5,chemical
VB08,DD06,19,chemical
VB08,DD05,10,chemical
VB08,VA11,2,chemical
VB08,VD09,5,chemical
VB08,VD10,6,chemical
VA05,DD03,17,chemical
VA05,VD05,9,chemical
VA05,DD02,6,chemical
VA05,VA06,2,chemical
VA05,VB04,1,chemical
AS03,VD03,23,chemical
AS03,DD01,2,chemical
AS03,DA03,1,chemical
HSNL,VC05,9,chemical
HSNL,RIFL,9,chemical
HSNL,AWBR,3,chemical
HSNL,AVFL,11,chemical
HSNL,RIML,4,chemical
HSNL,ADLR,1,chemical
HSNL,ASKL,3,chemical
HSNL,AVJL,3,chemical
HSNL,AIMR,2,chemical
HSNL,AIZR,3,chemical
HSNL,AWBL,5,chemical
HSNL,ASHL,3,chemical
HSNL,ASHR,1,chemical
HSNL,ADLL,1,chemical
HSNL,AVFR,4,chemical
HSNL,ASKR,2,chemical
HSNL,AIZL,6,chemical
HSNL,AIAL,8,chemical
HSNL,RIR,3,chemical
HSNL,HSNL,1,chemical
HSNL,AWAR,3,chemical
HSNL,PVQL,1,chemical
HSNL,RMGR,1,chemical
HSNL,HSNR,5,chemical
HSNL,ASJR,2,chemical
DB01,VD02,24,chemical
DB01,DA02,2,chemical
DB01,DA01,16,chemical
DB01,VD03,2,chemical
DB01,FLPR,1,chemical
DB01,VD01,18,chemical
DB01,RID,1,chemical
DB01,DD01,31,chemical
DB01,AS01,28,chemical
DB01,AS02,4,chemical
RID,RMED,5,chemical
RID,DD03,2,chemical
RID,DA02,1,chemical
RID,DA06,2,chemical
RID,VD05,1,chemical
RID,AS11,1,chemical
RID,FLPL,1,chemical
RID,DD02,2,chemical
RID,DB01,1,chemical
RID,DD01,3,chemical
RID,VD13,2,chemical
DD01,VD02,1,chemical
DD01,DA02,3,chemical
AS01,DA01,8,chemical
AS01,VD01,20,chemical
AS01,DB01,3,chemical
AS01,DD01,2,chemical
AS01,AS01,3,chemical
VB01,RIML,10,chemical
VB01,VD02,2,chemical
VB01,VA02,2,chemical
VB01,SMBVL,3,chemical
VB01,SAADL,18,chemical
VB01,RMFL,10,chemical
VB01,ADAL,5,chemical
VB01,AIBR,2,chemical
VB01,VA01,7,chemical
VB01,VB02,1,chemical
VB01,VA03,2,chemical
VB01,VD01,4,chemical
VB01,DD01,1,chemical
VB01,VA04,2,chemical
VB01,SAADR,5,chemical
VB01,SABD,1,chemical
AWAR,AWBR,3,chemical
AWAR,RIFR,5,chemical
AWAR,AUAR,1,chemical
AWAR,RIGR,6,chemical
AWAR,AIZR,25,chemical
AWAR,AFDR,23,chemical
AWAR,AIYR,8,chemical
AWAR,ADFR,9,chemical
AWAR,ASGR,1,chemical
AWAR,ASIL,2,chemical
AWAR,AIAR,3,chemical
AWAR,RIR,2,chemical
AWAR,ASER,5,chemical
RMEL,RIPR,1,chemical
RMEL,OLLR,1,chemical
RMEL,IL1R,2,chemical
RMEL,RMEV,1,chemical
IL1DL,RMDDR,3,chemical
IL1DL,IL2DL,1,chemical
IL1DL,RMDVL,3,chemical
IL1DL,RMEL,1,chemical
IL1DL,RIPL,11,chemical
IL1DL,URADL,10,chemical
PVQL,DD06,1,chemical
PVQL,ASJL,3,chemical
PVQL,ASKL,12,chemical
PVQL,DA08,1,chemical
PVQL,AVHR,1,chemical
PVQL,RMGL,1,chemical
PVQL,AIAL,10,chemical
PVQL,PVPL,1,chemical
PVQL,HSNL,3,chemical
PVQL,AWAL,1,chemical
PVQL,HSNR,6,chemical
RIGL,AVER,1,chemical
RIGL,RIBL,3,chemical
RIGL,AIZR,2,chemical
RIGL,RIH,2,chemical
RIGL,DVA,1,chemical
RIGL,OLQVL,2,chemical
RIGL,AVKR,17,chemical
RIGL,AIBR,4,chemical
RIGL,RMGL,6,chemical
RIGL,ALNL,6,chemical
RIGL,ADLL,2,chemical
RIGL,URXL,6,chemical
RIGL,BAGR,3,chemical
RIGL,AIZL,10,chemical
RIGL,ADFL,1,chemical
RIGL,PVPL,2,chemical
RIGL,RIR,8,chemical
RIGL,AVEL,7,chemical
RIGL,RMHR,23,chemical
AIYL,AIBL,3,chemical
AIYL,AWCL,5,chemical
AIYL,AFDL,2,chemical
AIYL,RIBL,42,chemical
AIYL,RIH,1,chemical
AIYL,RIAL,51,chemical
AIYL,AWCR,3,chemical
AIYL,AIZL,67,chemical
AIYL,RIR,1,chemical
AIYL,AWAL,14,chemical
AIYL,HSNR,1,chemical
AIYL,ASER,1,chemical
RMGR,AVER,6,chemical
RMGR,SIADL,1,chemical
RMGR,SIAVR,2,chemical
RMGR,AVJL,4,chemical
RMGR,RIGR,2,chemical
RMGR,AIMR,2,chemical
RMGR,RMDR,7,chemical
RMGR,SAADL,3,chemical
RMGR,SAAVR,1,chemical
RMGR,AVBR,3,chemical
RMGR,SMBVR,1,chemical
RMGR,AVAL,1,chemical
RMGR,ADAR,2,chemical
RMGR,ASHR,1,chemical
RMGR,SIBDL,2,chemical
RMGR,OLLR,1,chemical
RMGR,RMDVR,23,chemical
RMGR,ALNR,4,chemical
RMGR,AVBL,2,chemical
RMGR,RMDDL,1,chemical
RMGR,ALMR,1,chemical
RMGR,URXR,3,chemical
RMGR,RIR,1,chemical
RMGR,IL2R,2,chemical
RMGR,AVDL,2,chemical
RMGR,RMDL,20,chemical
RMGR,ADER,2,chemical
VD12,DD06,2,chemical
VD12,VB11,1,chemical
VD12,VC06,1,chemical
VD12,VA11,3,chemical
VD12,VA12,13,chemical
IL2R,AVER,2,chemical
IL2R,URADR,2,chemical
IL2R,RIH,19,chemical
IL2R,OLQDR,10,chemical
IL2R,URAVR,1,chemical
IL2R,URBR,3,chemical
IL2R,OLLR,5,chemical
IL2R,OLQVR,26,chemical
IL2R,URXR,1,chemical
IL2R,IL1R,2,chemical
IL2R,RMEV,2,chemical
IL2R,RMEL,5,chemical
IL2R,RMGR,1,chemical
IL2R,RMDL,3,chemical
IL2R,ADER,5,chemical
DB07,DD06,1,chemical
DB07,DA09,3,chemical
DB07,VD11,5,chemical
DB07,AS11,2,chemical
DB07,VD09,5,chemical
DB07,AS10,2,chemical
DB07,VD12,5,chemical
DB07,VD13,1,chemical
DB07,VD10,7,chemical
DB07,VD08,5,chemical
AVEL,SABVL,16,chemical
AVEL,VD02,1,chemical
AVEL,SABVR,12,chemical
AVEL,DA02,5,chemical
AVEL,DB03,1,chemical
AVEL,ALML,1,chemical
AVEL,DA04,1,chemical
AVEL,PVCL,1,chemical
AVEL,DA01,11,chemical
AVEL,AVAL,17,chemical
AVEL,VD03,1,chemical
AVEL,DB04,1,chemical
AVEL,RMGL,2,chemical
AVEL,VA01,12,chemical
AVEL,VA03,1,chemical
AVEL,AS03,2,chemical
AVEL,AS01,3,chemical
AVEL,AVAR,3,chemical
AVEL,VA04,1,chemical
AVEL,PVCR,2,chemical
AVEL,PVT,1,chemical
AVEL,AVDL,5,chemical
AVEL,DA03,6,chemical
AVEL,SABD,18,chemical
VD13,DD06,3,chemical
VD13,PVWL,1,chemical
VD13,VA12,11,chemical
VD13,VD12,1,chemical
VD13,VD13,2,chemical
VD13,AVAR,2,chemical
VD13,PVCR,1,chemical
AVAR,AVER,3,chemical
AVAR,DA09,3,chemical
AVAR,LUAL,4,chemical
AVAR,VA09,7,chemical
AVAR,VA07,7,chemical
AVAR,DA05,9,chemical
AVAR,SMDVR,1,chemical
AVAR,PDEL,3,chemical
AVAR,AS05,1,chemical
AVAR,VA02,5,chemical
AVAR,AVDR,6,chemical
AVAR,SABVR,2,chemical
AVAR,DA02,9,chemical
AVAR,DB03,2,chemical
AVAR,DA04,9,chemical
AVAR,SAAVR,6,chemical
AVAR,PVCL,20,chemical
AVAR,AVBR,4,chemical
AVAR,DA01,2,chemical
AVAR,PDER,3,chemical
AVAR,DA08,20,chemical
AVAR,AVAL,7,chemical
AVAR,DA06,4,chemical
AVAR,DB05,2,chemical
AVAR,VA11,13,chemical
AVAR,AS11,10,chemical
AVAR,AS08,10,chemical
AVAR,VA10,4,chemical
AVAR,VA06,9,chemical
AVAR,AS06,2,chemical
AVAR,AVBL,3,chemical
AVAR,LUAR,16,chemical
AVAR,DB02,2,chemical
AVAR,VA03,6,chemical
AVAR,AS07,6,chemical
AVAR,VA05,2,chemical
AVAR,AS01,2,chemical
AVAR,RIGL,1,chemical
AVAR,AVEL,2,chemical
AVAR,VA04,6,chemical
AVAR,PVCR,20,chemical
AVAR,AS09,10,chemical
AVAR,VA08,7,chemical
AVAR,DA07,6,chemical
AVAR,AVDL,3,chemical
AVAR,AS02,3,chemical
AVAR,DA03,8,chemical
AVAR,AS04,2,chemical
PVWR,AVDR,2,chemical
PVWR,AVL,1,chemical
PVWR,VA12,1,chemical
PVWR,LUAR,1,chemical
PVWR,AVAR,1,chemical
PVWR,PVCR,1,chemical
PVWR,PVT,2,chemical
VC03,SABVL,1,chemical
VC03,VC01,5,chemical
VC03,PVQR,2,chemical
VC03,DD03,5,chemical
VC03,VC02,2,chemical
VC03,VD02,1,chemical
VC03,AVJL,1,chemical
VC03,AVL,1,chemical
VC03,PVNR,1,chemical
VC03,VD03,2,chemical
VC03,DD04,16,chemical
VC03,VD05,3,chemical
VC03,DD02,3,chemical
VC03,VB02,1,chemical
VC03,AVBL,1,chemical
VC03,VD04,3,chemical
VC03,PVPR,2,chemical
VC03,VD07,8,chemical
VC03,VD01,2,chemical
VC03,DD01,1,chemical
VC03,HSNR,1,chemical
VC03,PVT,5,chemical
VC03,VB04,1,chemical
VC03,VD06,5,chemical
RIPL,BAGL,7,chemical
RIPL,RIH,2,chemical
RIPL,OLQDR,2,chemical
RIPL,OLQVL,1,chemical
RIPL,OLLL,4,chemical
RIPL,ADFL,3,chemical
RIPL,RIPL,3,chemical
VA04,AVER,1,chemical
VA04,DD02,17,chemical
VA04,VD04,8,chemical
VA04,AVAR,1,chemical
VA04,VB04,1,chemical
VA04,AVDL,1,chemical
VA04,VB03,8,chemical
VB06,VA07,3,chemical
VB06,PVNR,1,chemical
VB06,DVA,1,chemical
VB06,DD04,32,chemical
VB06,VD07,22,chemical
VB06,VA08,2,chemical
VB06,VD06,1,chemical
VB06,VB07,1,chemical
PHCR,DA09,23,chemical
PHCR,PVQR,4,chemical
PHCR,PHAR,2,chemical
PHCR,AVHR,2,chemical
PHCR,DVA,22,chemical
PHCR,VA12,8,chemical
PHCR,LUAR,6,chemical
PHCR,PHCL,4,chemical
PHCR,PVCR,25,chemical
PVCR,AVER,6,chemical
PVCR,DA05,2,chemical
PVCR,PVDL,2,chemical
PVCR,PDEL,1,chemical
PVCR,AVDR,6,chemical
PVCR,VB11,3,chemical
PVCR,AVL,1,chemical
PVCR,DA02,1,chemical
PVCR,DB03,6,chemical
PVCR,DA04,1,chemical
PVCR,PVCL,5,chemical
PVCR,AVBR,14,chemical
PVCR,AVAL,10,chemical
PVCR,DVA,3,chemical
PVCR,DB05,3,chemical
PVCR,PVR,1,chemical
PVCR,AVHL,1,chemical
PVCR,DB04,6,chemical
PVCR,AQR,2,chemical
PVCR,FLPL,2,chemical
PVCR,AVBL,21,chemical
PVCR,LUAR,1,chemical
PVCR,PVPR,1,chemical
PVCR,DB02,4,chemical
PVCR,SIBVR,10,chemical
PVCR,VB08,2,chemical
PVCR,RID,19,chemical
PVCR,DB07,1,chemical
PVCR,AVEL,6,chemical
PVCR,AVAR,5,chemical
PVCR,PVWR,1,chemical
PVCR,VB06,4,chemical
PVCR,DA07,1,chemical
PVCR,PVDR,1,chemical
PVCR,VB04,1,chemical
PVCR,AVDL,16,chemical
PVCR,VB07,1,chemical
PVCR,VB03,1,chemical
IL1DR,URADR,8,chemical
IL1DR,PVR,5,chemical
IL1DR,IL2DR,5,chemical
IL1DR,RIPR,28,chemical
IL1DR,OLLR,1,chemical
IL1DR,RMDVR,32,chemical
IL1DR,RMDDL,11,chemical
IL1DR,IL1R,2,chemical
IL1DR,URYDR,2,chemical
IL1DR,IL1DR,1,chemical
SDQR,AIBL,8,chemical
SDQR,SIADL,2,chemical
SDQR,ALML,1,chemical
SDQR,AVBR,19,chemical
SDQR,RMHL,15,chemical
SDQR,AVAL,8,chemical
SDQR,DVA,10,chemical
SDQR,ADLL,1,chemical
SDQR,RICL,1,chemical
SDQR,AVBL,23,chemical
SDQR,SDQL,4,chemical
SDQR,RMHR,7,chemical
SDQR,RICR,3,chemical
AS09,VD09,20,chemical
VA08,AS05,3,chemical
VA08,DD05,9,chemical
VA08,DD04,9,chemical
VA08,VD09,3,chemical
VA08,VD07,2,chemical
VA08,AS03,4,chemical
VA08,VB06,1,chemical
VA08,AS02,1,chemical
VA08,VD08,3,chemical
VA08,AS04,11,chemical
IL2VR,RMED,2,chemical
IL2VR,RMER,17,chemical
IL2VR,ADLR,1,chemical
IL2VR,IL1VR,29,chemical
IL2VR,RIH,5,chemical
IL2VR,AVAL,1,chemical
IL2VR,URAVR,16,chemical
IL2VR,RIPR,43,chemical
IL2VR,OLQVR,9,chemical
IL2VR,SIADR,1,chemical
IL2VR,URXR,1,chemical
IL2VR,RMEV,15,chemical
IL2VR,RMEL,8,chemical
IL2VR,RIAR,2,chemical
DA07,DA06,1,chemical
DA07,DD04,3,chemical
DA07,DB06,1,chemical
DA07,VD09,10,chemical
DA07,VD07,10,chemical
DA07,VD08,12,chemical
SDQL,SMBDR,11,chemical
SDQL,ALML,1,chemical
SDQL,RIS,8,chemical
SDQL,PVCL,1,chemical
SDQL,AVBR,2,chemical
SDQL,AVAL,6,chemical
SDQL,DVA,1,chemical
SDQL,PVR,1,chemical
SDQL,RMFL,3,chemical
SDQL,RIPR,1,chemical
SDQL,AIBR,2,chemical
SDQL,FLPL,2,chemical
SDQL,SIBVL,1,chemical
SDQL,SIADR,2,chemical
SDQL,AVBL,1,chemical
SDQL,AVEL,1,chemical
SDQL,AVAR,8,chemical
SDQL,AVDL,3,chemical
SDQL,RICR,3,chemical
SDQL,SAADR,2,chemical
AWAL,AFDL,7,chemical
AWAL,AWBL,9,chemical
AWAL,ADAL,2,chemical
AWAL,ASHL,2,chemical
AWAL,ASEL,7,chemical
AWAL,AIZL,23,chemical
AWAL,AIYL,3,chemical
AWAL,ASGL,1,chemical
VD10,VB09,1,chemical
VD10,VA10,2,chemical
RIAR,SMDDL,32,chemical
RIAR,SMDVR,26,chemical
RIAR,SMBDR,2,chemical
RIAR,AUAR,2,chemical
RIAR,RMDDR,53,chemical
RIAR,RMDR,35,chemical
RIAR,SMBVR,2,chemical
RIAR,ADFR,2,chemical
RIAR,SIAVL,7,chemical
RIAR,RMDVR,47,chemical
RIAR,CEPVR,1,chemical
RIAR,SMDVL,43,chemical
RIAR,RMDVL,57,chemical
RIAR,RIAL,38,chemical
RIAR,SIADR,4,chemical
RIAR,SMDDR,26,chemical
RIAR,CEPVL,1,chemical
RIAR,RMDDL,48,chemical
RIAR,RIBR,1,chemical
RIAR,RIVR,3,chemical
RIAR,IL1R,2,chemical
RIAR,RIVL,3,chemical
RIAR,AVAR,2,chemical
RIAR,RIAR,3,chemical
RIAR,RMDL,9,chemical
RIAR,SAADR,1,chemical
ASGL,AIBL,17,chemical
ASGL,ASKL,2,chemical
ASGL,AINR,2,chemical
ASGL,AIAL,46,chemical
PVDR,VA09,2,chemical
PVDR,PVDL,2,chemical
PVDR,VB05,2,chemical
PVDR,PVCL,29,chemical
PVDR,AVAL,9,chemical
PVDR,DVA,5,chemical
PVDR,PVR,4,chemical
PVDR,VA12,3,chemical
PVDR,AVAR,30,chemical
PVDR,VB06,4,chemical
PVDR,PVCR,29,chemical
PVDR,AVDL,1,chemical
HSNR,AVER,1,chemical
HSNR,AIBL,2,chemical
HSNR,VC05,2,chemical
HSNR,PVQR,1,chemical
HSNR,VC04,1,chemical
HSNR,AVFL,4,chemical
HSNR,DA05,2,chemical
HSNR,VC02,6,chemical
HSNR,RIML,1,chemical
HSNR,AS05,2,chemical
HSNR,RIFR,6,chemical
HSNR,AVDR,1,chemical
HSNR,AVJL,3,chemical
HSNR,RMDDR,1,chemical
HSNR,AIZR,1,chemical
HSNR,SABVR,1,chemical
HSNR,AWBL,2,chemical
HSNR,RIMR,1,chemical
HSNR,PVNR,2,chemical
HSNR,DA06,1,chemical
HSNR,AVHR,2,chemical
HSNR,DB05,1,chemical
HSNR,AVHL,2,chemical
HSNR,ASHL,4,chemical
HSNR,AVFR,2,chemical
HSNR,VA06,2,chemical
HSNR,AIZL,3,chemical
HSNR,PVPR,1,chemical
HSNR,AIAL,3,chemical
HSNR,BDUR,2,chemical
HSNR,HSNL,1,chemical
HSNR,RMGR,1,chemical
HSNR,AVEL,1,chemical
HSNR,VC03,1,chemical
HSNR,PVT,1,chemical
HSNR,SABD,1,chemical
PVT,AIBL,5,chemical
PVT,RIGR,6,chemical
PVT,AVL,3,chemical
PVT,RIH,2,chemical
PVT,RIS,1,chemical
PVT,RMFL,3,chemical
PVT,AVKR,8,chemical
PVT,AIBR,10,chemical
PVT,AVKL,7,chemical
PVT,DVC,3,chemical
PVT,RMEV,4,chemical
PVT,RIGL,1,chemical
PVT,RMFR,7,chemical
IL2L,RMER,10,chemical
IL2L,RMDR,3,chemical
IL2L,RIH,25,chemical
IL2L,OLQVL,19,chemical
IL2L,IL1L,6,chemical
IL2L,OLQDL,20,chemical
IL2L,RICL,1,chemical
IL2L,URXL,3,chemical
IL2L,URAVL,2,chemical
IL2L,ADEL,6,chemical
IL2L,RMEV,5,chemical
IL2L,AVEL,2,chemical
RMFR,RMDR,1,chemical
RMFR,RIH,1,chemical
RMFR,AVKR,9,chemical
RMFR,AVKL,7,chemical
RMFR,DVC,2,chemical
RMFR,RMDL,6,chemical
VB04,DD03,13,chemical
VB04,VB05,1,chemical
VB04,VD05,3,chemical
VB04,DD02,7,chemical
VB04,VD04,1,chemical
VB04,AVG,1,chemical
VB04,VA05,1,chemical
VB04,VA04,1,chemical
AVDL,SABVL,2,chemical
AVDL,LUAL,2,chemical
AVDL,DA05,1,chemical
AVDL,AVDR,5,chemical
AVDL,AVJL,1,chemical
AVDL,SABVR,5,chemical
AVDL,DA02,2,chemical
AVDL,DA04,3,chemical
AVDL,PVCL,1,chemical
AVDL,DA01,4,chemical
AVDL,DA08,2,chemical
AVDL,AVAL,37,chemical
AVDL,VA12,1,chemical
AVDL,AS11,4,chemical
AVDL,VA10,2,chemical
AVDL,VA01,2,chemical
AVDL,DVC,2,chemical
AVDL,AS10,1,chemical
AVDL,VA03,3,chemical
AVDL,VA05,1,chemical
AVDL,AVEL,5,chemical
AVDL,AVAR,37,chemical
AVDL,DA03,9,chemical
AVDL,SABD,5,chemical
AVDL,AS04,2,chemical
ASJR,PVQR,19,chemical
ASJR,ASKR,12,chemical
ASJR,HSNR,1,chemical
URADL,RIH,3,chemical
URADL,RMEL,8,chemical
URADL,IL1DL,4,chemical
URADL,RIPL,12,chemical
RMHR,SMDDL,3,chemical
RMHR,RMER,4,chemical
RMHR,RMDR,1,chemical
RMHR,RMHL,3,chemical
RMHR,AIBR,3,chemical
RMHR,RMGL,8,chemical
RMHR,CEPVL,1,chemical
RMHR,RMDL,4,chemical
ASER,AIBL,4,chemical
ASER,AWCL,1,chemical
ASER,AFDL,2,chemical
ASER,ADLR,1,chemical
ASER,ASKL,1,chemical
ASER,AFDR,3,chemical
ASER,AIYR,38,chemical
ASER,AIBR,32,chemical
ASER,ASHR,2,chemical
ASER,ADLL,4,chemical
ASER,ASEL,3,chemical
ASER,AWCR,1,chemical
ASER,AIZL,1,chemical
ASER,AIAL,8,chemical
ASER,AIAR,4,chemical
ASER,AWAR,1,chemical
ASER,AIYL,9,chemical
SIBDR,SIADR,2,chemical
SIBDR,SMDDR,10,chemical
RMDL,RIML,3,chemical
RMDL,RMDDR,7,chemical
RMDL,RMDR,8,chemical
RMDL,RIS,1,chemical
RMDL,SMBVR,2,chemical
RMDL,RMHL,3,chemical
RMDL,AVKR,1,chemical
RMDL,IL1L,1,chemical
RMDL,OLLR,3,chemical
RMDL,RMDVR,3,chemical
RMDL,RMDVL,2,chemical
RMDL,RIAL,20,chemical
RMDL,SMDDR,1,chemical
RMDL,SIBVR,3,chemical
RMDL,RIBR,1,chemical
RMDL,URXR,1,chemical
RMDL,IL1R,1,chemical
RMDL,RIVL,1,chemical
RMDL,RIAR,22,chemical
RMDL,RMFR,1,chemical
RMDL,ADER,3,chemical
AS02,VD02,21,chemical
AS02,DB01,1,chemical
AS02,RID,2,chemical
AS02,DD01,3,chemical
RICR,SMDDL,9,chemical
RICR,AIBL,2,chemical
RICR,CEPDL,1,chemical
RICR,CEPDR,1,chemical
RICR,SMDVR,3,chemical
RICR,RIML,10,chemical
RICR,SMBDR,3,chemical
RICR,RIMR,1,chemical
RICR,AVAL,15,chemical
RICR,RMFL,1,chemical
RICR,AVKR,1,chemical
RICR,ADAR,2,chemical
RICR,URBR,2,chemical
RICR,AIBR,2,chemical
RICR,RMGL,1,chemical
RICR,RICL,3,chemical
RICR,SMDVL,6,chemical
RICR,SMDDR,9,chemical
RICR,AIZL,6,chemical
RICR,RIVL,1,chemical
RICR,VB01,7,chemical
RICR,AVAR,13,chemical
PVM,PDEL,10,chemical
PVM,PVCL,1,chemical
PVM,PDER,7,chemical
PVM,DVA,3,chemical
PVM,PVR,3,chemical
PVM,AVM,2,chemical
PVM,AVKL,15,chemical
PVM,PVCR,2,chemical
PVM,PVM,6,chemical
DA03,DB03,2,chemical
DA03,DA04,2,chemical
DA03,VD03,43,chemical
DA03,DD02,3,chemical
DA03,VD04,13,chemical
DA03,AS04,2,chemical
SAADR,AIBL,1,chemical
SAADR,RIML,14,chemical
SAADR,PLNR,1,chemical
SAADR,SMBDR,2,chemical
SAADR,RIMR,23,chemical
SAADR,SMBVR,1,chemical
SAADR,AVAL,1,chemical
SAADR,RMFL,5,chemical
SAADR,AIBR,1,chemical
SAADR,RMGL,1,chemical
SAADR,SMDVL,5,chemical
SAADR,OLLL,3,chemical
SAADR,AVAR,26,chemical
SAADR,RMFR,1,chemical
SAADR,SABD,2,chemical
SABD,SAADL,4,chemical
SABD,SAADR,4,chemical
VD06,DD03,6,chemical
VD06,VB05,1,chemical
VD06,PVNR,1,chemical
VD06,AVAL,1,chemical
VD06,VA06,3,chemical
VD08,VA09,1,chemical
VD08,DD04,5,chemical
VD08,VA08,2,chemical
VD08,PVT,1,chemical
VD08,VB07,2,chemical
ADER,AVER,4,chemical
ADER,AVJR,1,chemical
ADER,CEPDR,5,chemical
ADER,SMDVR,1,chemical
ADER,AVDR,5,chemical
ADER,RIGR,11,chemical
ADER,ASIR,1,chemical
ADER,RMDR,6,chemical
ADER,AVAL,9,chemical
ADER,FLPR,4,chemical
ADER,ADAR,1,chemical
ADER,URBR,1,chemical
ADER,FLPL,1,chemical
ADER,OLLR,3,chemical
ADER,CEPVR,1,chemical
ADER,ALNR,1,chemical
ADER,URXR,2,chemical
ADER,ADEL,3,chemical
ADER,IL1R,1,chemical
ADER,RIGL,12,chemical
ADER,RMGR,5,chemical
ADER,IL2R,1,chemical
ADER,AVAR,4,chemical
ADER,RIAR,1,chemical
ADER,RMDL,1,chemical
AIML,RIFL,2,chemical
AIML,CEPDL,3,chemical
AIML,AVFL,5,chemical
AIML,ASJL,2,chemical
AIML,ASKL,7,chemical
AIML,AVJL,1,chemical
AIML,SMBVL,4,chemical
AIML,ALML,1,chemical
AIML,AVHR,1,chemical
AIML,AVHL,2,chemical
AIML,RMGL,3,chemical
AIML,AVFR,4,chemical
AIML,URXL,1,chemical
AIML,AIAL,11,chemical
AIML,RID,2,chemical
AIML,PVQL,1,chemical
AIML,ASGL,8,chemical
AIML,AVDL,1,chemical
VB07,VA09,1,chemical
VB07,DD05,29,chemical
VB07,DD04,11,chemical
VB07,VA10,1,chemical
VB07,VD09,6,chemical
VB07,VD08,5,chemical
VB03,VD03,4,chemical
VB03,DD02,36,chemical
VB03,VD04,6,chemical
VB03,VA05,1,chemical
VB03,VA04,10,chemical
AS04,DD02,4,chemical
AS04,VD04,21,chemical
AS04,DB02,2,chemical
AS04,DD01,2,chemical
AS04,DA03,2,chemical
