Source,Target,Type,Weight
ADAL,ADFL,electrical,1
ADAL,ASHL,chemical,1
ADAL,ASKL,electrical,1
ADAL,AVAL,chemical,1
ADAL,AVBL,chemical,8
ADAL,AVBR,chemical,3
ADAL,AVDL,electrical,2
ADAL,AVDR,electrical,2
ADAL,AVEL,chemical,1
ADAL,AVJR,chemical,4
ADAL,IL2DL,chemical,1
ADAL,OLQVL,chemical,1
ADAL,PVQL,electrical,1
ADAL,RIAL,chemical,1
ADAL,RIML,chemical,5
ADAL,RIPL,chemical,4
ADAL,SIBVL,chemical,1
ADAR,ADFR,electrical,1
ADAR,AIAR,chemical,1
ADAR,AIBL,chemical,1
ADAR,AIBR,chemical,1
ADAR,ASHR,chemical,1
ADAR,ASHR,electrical,2
ADAR,ASKR,electrical,1
ADAR,AVAL,chemical,1
ADAR,AVBL,chemical,2
ADAR,AVBR,chemical,8
ADAR,AVDR,electrical,1
ADAR,AVER,chemical,1
ADAR,AVJL,chemical,3
ADAR,OLQVR,chemical,1
ADAR,PVQR,electrical,1
ADAR,RICL,chemical,1
ADAR,RICR,chemical,3
ADAR,RIMR,chemical,5
ADAR,URAVR,chemical,1
ADEL,ADER,chemical,1
ADEL,AVAR,chemical,2
ADEL,CEPshVL,chemical,2
ADEL,CEPVL,chemical,1
ADEL,PVCL,chemical,1
ADEL,RIGL,chemical,3
ADEL,RIGR,chemical,2
ADEL,SDQL,chemical,2
ADEL,SMBDR,chemical,1
ADEL,URBL,chemical,1
ADER,ADAR,chemical,1
ADER,ADEL,chemical,1
ADER,AVAL,chemical,1
ADER,AVAR,chemical,1
ADER,AVDR,chemical,1
ADER,AVER,chemical,1
ADER,AVKL,chemical,1
ADER,CEPshDR,chemical,1
ADER,CEPshVL,chemical,1
ADER,CEPshVR,chemical,1
ADER,CEPVR,chemical,1
ADER,FLPR,chemical,2
ADER,IL1R,chemical,1
ADER,PVR,chemical,1
ADER,RIGL,chemical,2
ADER,RIGR,chemical,1
ADER,SDQR,chemical,1
ADFL,AIBL,chemical,1
ADFL,AIZL,chemical,6
ADFL,ASER,chemical,1
ADFL,ASHL,chemical,1
ADFL,AUAL,chemical,3
ADFL,AUAR,chemical,1
ADFL,RIAL,chemical,8
ADFL,RIGL,chemical,1
ADFL,RIR,chemical,3
ADFL,SIBVL,chemical,1
ADFL,SMBDL,chemical,1
ADFR,ADFL,electrical,1
ADFR,AFDR,chemical,1
ADFR,AIAR,electrical,2
ADFR,AIZR,chemical,10
ADFR,AUAR,chemical,4
ADFR,AVHL,chemical,1
ADFR,DVA,chemical,1
ADFR,OLQVR,chemical,1
ADFR,RIAR,chemical,12
ADFR,RIGR,chemical,2
ADFR,RIH,electrical,1
ADFR,RIR,chemical,1
ADFR,SMBDR,chemical,3
ADFR,SMBVR,chemical,7
ADLL,ADAL,chemical,2
ADLL,ADLR,electrical,1
ADLL,AIAL,chemical,4
ADLL,AIBL,chemical,5
ADLL,ASEL,chemical,1
ADLL,ASHL,chemical,3
ADLL,ASKL,chemical,4
ADLL,AVAL,chemical,2
ADLL,AVDL,chemical,1
ADLL,AVDR,chemical,8
ADLL,AVJL,chemical,2
ADLL,AVJR,chemical,3
ADLL,AWCL,chemical,3
ADLL,OLQVL,chemical,1
ADLL,PVQL,chemical,1
ADLL,RMGL,electrical,1
ADLL,SMBVL,chemical,1
ADLR,ADAR,chemical,1
ADLR,AIAR,chemical,5
ADLR,AIBR,chemical,8
ADLR,ASER,chemical,4
ADLR,ASHR,chemical,3
ADLR,ASKR,chemical,2
ADLR,AVDL,chemical,4
ADLR,AVDR,chemical,1
ADLR,AVJL,chemical,2
ADLR,AVJR,chemical,1
ADLR,AWCR,chemical,4
ADLR,RMGR,electrical,1
AFDL,AFDR,electrical,1
AFDL,AIYL,chemical,9
AFDL,AIZL,chemical,1
AFDL,ASER,chemical,1
AFDL,BAGR,chemical,1
AFDR,AIYR,chemical,7
AFDR,AIZR,electrical,2
AIAL,ADFL,chemical,1
AIAL,ADFL,electrical,1
AIAL,AIAR,electrical,1
AIAL,AIBL,chemical,12
AIAL,AINR,electrical,1
AIAL,AIYL,chemical,1
AIAL,AIZL,chemical,3
AIAL,ASGL,chemical,1
AIAL,ASHL,chemical,2
AIAL,ASIL,electrical,4
AIAL,ASJL,electrical,1
AIAL,ASKL,chemical,1
AIAL,AWAL,electrical,1
AIAL,AWBL,electrical,3
AIAL,AWCL,chemical,3
AIAL,AWCR,chemical,3
AIAL,RIFL,chemical,3
AIAR,ADAR,chemical,1
AIAR,AIBR,chemical,9
AIAR,AINL,electrical,1
AIAR,ASER,chemical,1
AIAR,ASIR,chemical,1
AIAR,ASJR,electrical,2
AIAR,ASKR,chemical,1
AIAR,AWAR,electrical,1
AIAR,AWBR,electrical,2
AIAR,AWCL,chemical,1
AIAR,AWCR,chemical,6
AIAR,RIFR,chemical,1
AIBL,AIBR,electrical,1
AIBL,AVBL,chemical,6
AIBL,AVER,chemical,1
AIBL,FLPL,electrical,1
AIBL,PVT,electrical,1
AIBL,RIBR,chemical,6
AIBL,RIGR,electrical,1
AIBL,RIML,chemical,1
AIBL,RIMR,chemical,13
AIBL,RIMR,electrical,3
AIBL,RIVL,electrical,1
AIBL,RMED,electrical,2
AIBL,SMDDR,chemical,3
AIBL,SMDVR,chemical,2
AIBR,AIZL,chemical,1
AIBR,AVAR,chemical,1
AIBR,AVBR,chemical,4
AIBR,AVEL,chemical,1
AIBR,FLPR,electrical,1
AIBR,RIBL,chemical,4
AIBR,RIBR,chemical,1
AIBR,RIML,chemical,12
AIBR,RIML,electrical,1
AIBR,RIMR,chemical,1
AIBR,RIVR,electrical,2
AIBR,SAADL,chemical,1
AIBR,SAADR,chemical,1
AIBR,SMBDL,chemical,1
AIBR,SMDDL,chemical,5
AIBR,SMDVL,chemical,3
AIBR,URXL,electrical,1
AIML,AIAL,chemical,4
AIML,AIMR,electrical,1
AIML,ALML,chemical,1
AIML,ASGL,chemical,4
AIML,ASIL,chemical,1
AIML,ASKL,chemical,2
AIML,AVDL,chemical,1
AIML,AVEL,chemical,1
AIML,AVFL,chemical,1
AIML,AVFR,chemical,3
AIML,CEPshDL,chemical,1
AIML,CEPshDR,chemical,1
AIML,CEPshVL,chemical,2
AIML,SIBDR,electrical,1
AIMR,AIAR,chemical,6
AIMR,AIBR,chemical,1
AIMR,ALMR,chemical,2
AIMR,ASGR,chemical,3
AIMR,ASKR,chemical,3
AIMR,AVDR,chemical,1
AIMR,AVFL,chemical,1
AIMR,AVFR,chemical,1
AIMR,CEPshDR,chemical,4
AIMR,SIBDL,chemical,2
AIMR,SMDDL,chemical,1
AIMR,URXR,chemical,1
AINL,AFDR,chemical,3
AINL,AUAL,chemical,1
AINL,AUAL,electrical,1
AINL,AUAR,chemical,4
AINL,BAGL,chemical,2
AINL,BAGR,chemical,1
AINL,CEPshDR,chemical,2
AINL,CEPshVR,chemical,1
AINL,CEPVR,chemical,1
AINL,IL2R,chemical,1
AINL,RIBR,chemical,3
AINL,RID,chemical,1
AINL,RIMR,chemical,1
AINR,AFDL,chemical,6
AINR,AFDR,chemical,1
AINR,AINL,electrical,1
AINR,AUAL,chemical,3
AINR,AUAR,electrical,1
AINR,BAGR,chemical,2
AINR,CEPshDR,chemical,1
AINR,CEPshVL,chemical,2
AINR,CEPshVR,chemical,1
AINR,RIBL,chemical,2
AIYL,AIZL,chemical,13
AIYL,AWAL,chemical,2
AIYL,BAGR,chemical,1
AIYL,RIAL,chemical,6
AIYL,RIBL,chemical,4
AIYR,AFDR,chemical,1
AIYR,AIZL,chemical,1
AIYR,AIZR,chemical,11
AIYR,ASGR,electrical,1
AIYR,AWBR,chemical,1
AIYR,BAGL,chemical,1
AIYR,BAGR,chemical,1
AIYR,RIAL,chemical,2
AIYR,RIAR,chemical,4
AIYR,RIBR,chemical,5
AIZL,ADFL,chemical,1
AIZL,AFDL,electrical,2
AIZL,AIAL,chemical,4
AIZL,AIBL,chemical,1
AIZL,AIBR,chemical,14
AIZL,AIZR,chemical,1
AIZL,AIZR,electrical,3
AIZL,ASEL,chemical,1
AIZL,ASEL,electrical,1
AIZL,ASER,electrical,1
AIZL,ASGL,electrical,1
AIZL,AUAL,chemical,1
AIZL,AUAL,electrical,1
AIZL,AVEL,chemical,1
AIZL,AVER,chemical,4
AIZL,AWCR,chemical,1
AIZL,AWCR,electrical,3
AIZL,RIAL,chemical,7
AIZL,RIAR,chemical,1
AIZL,RIML,chemical,13
AIZL,SMBDL,chemical,5
AIZL,SMBDR,chemical,2
AIZL,SMBVL,chemical,8
AIZR,AIAR,chemical,2
AIZR,AIBL,chemical,11
AIZR,AIBR,chemical,2
AIZR,AIYR,chemical,1
AIZR,ASEL,electrical,1
AIZR,ASER,chemical,1
AIZR,ASER,electrical,2
AIZR,ASGR,electrical,1
AIZR,AUAR,electrical,1
AIZR,AVAL,chemical,1
AIZR,AVEL,chemical,3
AIZR,AWCR,electrical,1
AIZR,RIAL,chemical,1
AIZR,RIAR,chemical,6
AIZR,RIBR,chemical,1
AIZR,RIMR,chemical,7
AIZR,SMBDR,chemical,7
AIZR,SMBVL,chemical,1
AIZR,SMBVR,chemical,9
ALA,ASJR,chemical,1
ALA,AVEL,chemical,2
ALA,AVER,chemical,2
ALA,CEPshDL,chemical,1
ALA,CEPshVR,chemical,3
ALML,AIML,chemical,1
ALML,AVBL,chemical,1
ALML,AVEL,chemical,1
ALML,BDUL,chemical,3
ALML,CEPDL,chemical,3
ALML,CEPVL,chemical,2
ALML,IL2L,chemical,1
ALML,PVR,chemical,1
ALML,PVR,electrical,3
ALML,RID,chemical,1
ALML,RMGL,chemical,1
ALML,SDQL,chemical,1
ALMR,ADAR,chemical,1
ALMR,AVFL,chemical,1
ALMR,BDUR,chemical,6
ALMR,CEPDR,chemical,2
ALMR,CEPVR,chemical,3
ALMR,PVCR,chemical,2
ALMR,RIFR,chemical,1
ALMR,SDQR,chemical,1
ALNL,RIAL,chemical,1
ALNL,SAAVL,chemical,1
ALNL,SMBDR,chemical,1
ALNR,SAAVR,chemical,2
ALNR,SMBDL,chemical,1
ALNR,SMDVL,chemical,1
AQR,AVAL,chemical,5
AQR,AVAR,chemical,7
AQR,AVBL,chemical,9
AQR,AVBR,chemical,4
AQR,AVDL,chemical,1
AQR,AVKL,electrical,1
AQR,AVKR,electrical,1
AQR,BAGL,chemical,1
AQR,BAGR,chemical,2
AQR,PVCL,chemical,4
AQR,PVCR,chemical,2
AQR,PVPL,chemical,1
AQR,PVPR,electrical,1
AQR,RIAL,chemical,1
AQR,RIAR,chemical,1
AQR,RIBR,chemical,1
AQR,RIGL,chemical,1
AQR,RIGL,electrical,2
AQR,RIGR,chemical,1
AQR,RIR,chemical,1
ASEL,AFDR,chemical,3
ASEL,AIAL,chemical,2
ASEL,AIBL,chemical,8
ASEL,AIBR,chemical,2
ASEL,AINL,chemical,1
ASEL,AIYL,chemical,11
ASEL,AIYR,chemical,6
ASEL,AIZL,chemical,1
ASEL,AWCL,chemical,3
ASEL,AWCR,chemical,1
ASEL,BAGL,chemical,1
ASER,AFDL,chemical,2
ASER,AFDR,chemical,1
ASER,AIAL,chemical,1
ASER,AIAR,chemical,1
ASER,AIBL,chemical,6
ASER,AIBR,chemical,8
ASER,AIYL,chemical,8
ASER,AIYR,chemical,12
ASER,AIZL,chemical,1
ASER,AIZR,chemical,2
ASER,ASEL,chemical,1
ASER,AWCL,chemical,1
ASER,AWCR,chemical,8
ASGL,AIAL,chemical,8
ASGL,AIBL,chemical,1
ASGL,AIML,chemical,1
ASGR,AIAR,chemical,9
ASGR,AIBR,chemical,1
ASGR,AIMR,chemical,1
ASGR,ASER,chemical,1
ASHL,ADAL,chemical,3
ASHL,ADAL,electrical,3
ASHL,ADFL,chemical,2
ASHL,ADLL,chemical,1
ASHL,AIAL,chemical,7
ASHL,AIBL,chemical,4
ASHL,AIZL,electrical,3
ASHL,ASHR,electrical,1
ASHL,ASKL,chemical,1
ASHL,AVAL,chemical,4
ASHL,AVBL,chemical,6
ASHL,AVDL,chemical,1
ASHL,AVDR,chemical,5
ASHL,AVEL,chemical,1
ASHL,AVHR,chemical,1
ASHL,AVHR,electrical,1
ASHL,AWAL,chemical,1
ASHL,AWBL,chemical,1
ASHL,RIAL,chemical,3
ASHL,RICL,electrical,1
ASHL,RIFL,chemical,1
ASHL,RIML,chemical,3
ASHL,RMGL,electrical,3
ASHL,URXL,chemical,1
ASHR,ADAR,chemical,2
ASHR,ADFR,chemical,4
ASHR,ADLR,chemical,1
ASHR,AIAR,chemical,10
ASHR,AIBR,chemical,7
ASHR,AIZR,electrical,4
ASHR,ASKR,electrical,2
ASHR,AVAR,chemical,1
ASHR,AVBR,chemical,7
ASHR,AVDL,chemical,4
ASHR,AVDR,chemical,1
ASHR,AVER,chemical,1
ASHR,AVJL,chemical,1
ASHR,AWAR,chemical,1
ASHR,AWBR,chemical,1
ASHR,RIAR,chemical,3
ASHR,RICR,electrical,1
ASHR,RMGR,electrical,3
ASHR,SMBDR,chemical,2
ASIL,AIAL,chemical,3
ASIL,AIBL,chemical,2
ASIL,ASER,chemical,1
ASIL,ASGL,chemical,1
ASIL,ASIR,electrical,1
ASIL,AWCL,chemical,3
ASIL,AWCR,chemical,3
ASIL,CEPshDL,chemical,1
ASIL,CEPshVL,chemical,1
ASIL,CEPshVR,chemical,1
ASIR,AFDR,chemical,2
ASIR,AIAR,chemical,1
ASIR,AIAR,electrical,2
ASIR,AIYR,chemical,2
ASIR,AWCL,chemical,1
ASIR,AWCR,chemical,4
ASIR,CEPshDR,chemical,3
ASIR,CEPshVR,chemical,2
ASJL,AIAL,chemical,1
ASJL,ASJR,electrical,1
ASJL,ASKL,chemical,5
ASJL,AVFR,chemical,1
ASJL,CEPshVL,chemical,3
ASJL,PVQL,chemical,10
ASJR,ASKL,chemical,1
ASJR,ASKR,chemical,3
ASJR,CEPshVR,chemical,2
ASJR,PVQR,chemical,7
ASKL,AIAL,chemical,11
ASKL,AIAR,chemical,1
ASKL,AIML,chemical,2
ASKL,ASHL,chemical,1
ASKL,PVQL,electrical,1
ASKR,AIAR,chemical,10
ASKR,AIMR,chemical,2
ASKR,ASKL,chemical,1
ASKR,ASKL,electrical,1
ASKR,PVQR,electrical,1
AUAL,AUAR,electrical,2
AUAL,AVAL,chemical,3
AUAL,AVDR,chemical,1
AUAL,AVEL,chemical,2
AUAL,DVA,chemical,1
AUAL,RIAL,chemical,6
AUAL,RIBL,chemical,7
AUAL,URXL,chemical,1
AUAR,AVAR,chemical,3
AUAR,AVER,chemical,2
AUAR,RIAR,chemical,7
AUAR,RIBR,chemical,6
AUAR,URXR,chemical,2
AUAR,URXR,electrical,1
AVAL,AVAR,electrical,1
AVAL,URYDL,electrical,1
AVAL,URYVR,electrical,1
AVAR,URYDR,electrical,2
AVAR,URYVL,electrical,1
AVBL,AVBR,electrical,3
AVBL,DVA,electrical,2
AVBL,RIBL,electrical,1
AVBL,RID,electrical,1
AVBR,DVA,electrical,3
AVBR,RIBL,electrical,3
AVBR,RID,electrical,1
AVBR,SIBDL,electrical,1
AVBR,SIBVL,electrical,1
AVDL,ADAR,electrical,3
AVDL,AVDR,electrical,1
AVDL,AVER,electrical,1
AVDL,AVM,electrical,2
AVDR,ALML,electrical,2
AVDR,ALMR,electrical,2
AVDR,RIML,electrical,1
AVEL,OLQDR,electrical,1
AVEL,OLQVR,electrical,1
AVEL,RMDDR,electrical,3
AVEL,RMDVL,electrical,1
AVEL,RMDVR,electrical,1
AVEL,RMER,electrical,1
AVEL,RMEV,electrical,1
AVEL,URBL,electrical,1
AVER,OLQDL,electrical,1
AVER,OLQVL,electrical,1
AVER,RIML,electrical,1
AVER,RIVR,electrical,1
AVER,RMDDL,electrical,4
AVER,RMDVL,electrical,4
AVER,RMDVR,electrical,1
AVER,URBR,electrical,1
AVER,URYVL,electrical,2
AVFL,ASHR,chemical,1
AVFL,AVBR,chemical,1
AVFL,AVFR,chemical,2
AVFL,PVQR,chemical,1
AVFR,ALML,chemical,1
AVFR,ALMR,chemical,1
AVFR,AVBL,chemical,1
AVFR,AVFL,chemical,2
AVFR,BDUL,chemical,1
AVFR,CEPshVL,chemical,1
AVFR,CEPshVR,chemical,1
AVFR,PVQL,chemical,5
AVFR,PVQR,chemical,3
AVFR,RIFL,chemical,1
AVFR,RMGL,chemical,2
AVHL,ADFR,chemical,4
AVHL,AIZR,chemical,1
AVHL,ASER,chemical,1
AVHL,AVBR,chemical,2
AVHL,AVJL,chemical,2
AVHL,AWBR,chemical,5
AVHL,DVA,chemical,1
AVHL,PVPL,chemical,1
AVHL,RIFL,chemical,1
AVHL,RIR,chemical,2
AVHL,SMBVR,chemical,2
AVHL,URXR,chemical,1
AVHR,ADAL,chemical,1
AVHR,ADFL,chemical,3
AVHR,ADLL,chemical,1
AVHR,AIMR,chemical,1
AVHR,AIZL,chemical,2
AVHR,ASEL,chemical,1
AVHR,AVBR,chemical,2
AVHR,AVFR,chemical,1
AVHR,AVJR,chemical,1
AVHR,AWBL,chemical,5
AVHR,AWBR,chemical,1
AVHR,BDUL,chemical,1
AVHR,DVA,chemical,1
AVHR,PVPL,chemical,1
AVHR,PVPR,chemical,1
AVHR,RIML,chemical,1
AVHR,RIR,chemical,1
AVHR,SIAVL,chemical,1
AVHR,SMBDL,chemical,1
AVHR,SMBVL,chemical,1
AVHR,URXL,chemical,1
AVJL,AVBL,chemical,1
AVJL,AVBR,chemical,2
AVJL,PVCR,chemical,1
AVJL,RIFR,chemical,1
AVJR,ASHL,chemical,1
AVJR,AVBL,chemical,2
AVJR,AVBR,chemical,2
AVJR,PVCL,chemical,2
AVJR,RIFL,chemical,1
AVJR,RIS,chemical,2
AVKL,AIBR,chemical,1
AVKL,AVEL,chemical,1
AVKL,AVER,chemical,2
AVKL,AVKR,electrical,1
AVKL,AVL,chemical,1
AVKL,PVT,chemical,1
AVKL,RICR,electrical,1
AVKL,RIGR,chemical,2
AVKL,RIML,chemical,2
AVKL,RIMR,chemical,3
AVKL,RIS,chemical,1
AVKL,RMDL,chemical,2
AVKL,RMGR,chemical,1
AVKL,SAADL,chemical,1
AVKL,SAADR,chemical,4
AVKL,SMBVL,electrical,1
AVKR,AIBL,chemical,1
AVKR,AVEL,chemical,2
AVKR,AVER,chemical,2
AVKR,AVKL,chemical,1
AVKR,PVPL,chemical,1
AVKR,RICL,electrical,1
AVKR,RICR,electrical,3
AVKR,RIML,chemical,3
AVKR,RIMR,chemical,2
AVKR,RIS,chemical,1
AVKR,RMDL,chemical,1
AVKR,RMDR,chemical,2
AVKR,RMGL,chemical,1
AVKR,SAADL,chemical,2
AVKR,SAADR,chemical,1
AVKR,SAAVL,chemical,1
AVKR,SIADR,chemical,1
AVKR,SMBDR,electrical,1
AVL,RIS,chemical,2
AVL,RMER,chemical,2
AVM,ADER,chemical,1
AVM,ALMR,electrical,1
AVM,AVBL,chemical,4
AVM,AVBR,chemical,1
AVM,AVDL,chemical,3
AVM,AVHL,chemical,2
AVM,AVJL,chemical,1
AVM,BDUR,chemical,1
AVM,PVCR,chemical,2
AVM,PVPR,chemical,1
AVM,PVR,chemical,3
AVM,RIS,chemical,2
AWAL,AFDL,chemical,2
AWAL,AIAL,chemical,3
AWAL,AIYL,chemical,1
AWAL,AIZL,chemical,8
AWAL,AIZR,chemical,1
AWAL,ASEL,chemical,1
AWAL,AUAL,chemical,1
AWAL,AWBL,chemical,6
AWAL,RIBL,chemical,1
AWAR,ADFR,chemical,1
AWAR,ADLR,chemical,2
AWAR,AFDR,chemical,3
AWAR,AIAR,chemical,1
AWAR,AIYR,chemical,1
AWAR,AIZR,chemical,4
AWAR,ASER,chemical,6
AWAR,AWAL,chemical,1
AWAR,AWBR,chemical,6
AWBL,ADFL,chemical,6
AWBL,AIZL,chemical,7
AWBL,ASEL,chemical,1
AWBL,AWBR,electrical,2
AWBL,RMGL,electrical,1
AWBR,ADFR,chemical,6
AWBR,AIAR,chemical,1
AWBR,AIZR,chemical,5
AWBR,ASER,chemical,1
AWBR,ASHR,chemical,1
AWBR,AVHL,chemical,1
AWBR,AVHR,chemical,1
AWBR,RIAR,chemical,1
AWBR,RIGR,chemical,1
AWBR,SMBDR,chemical,1
AWBR,SMBVR,chemical,1
AWCL,ADLL,chemical,1
AWCL,AIAL,chemical,1
AWCL,AIAR,chemical,3
AWCL,AIBL,chemical,7
AWCL,AIBR,chemical,6
AWCL,AIYL,chemical,5
AWCL,AIYR,chemical,8
AWCL,AIZL,chemical,1
AWCL,AIZL,electrical,3
AWCL,AIZR,electrical,1
AWCL,ASIL,chemical,1
AWCL,AWCR,chemical,11
AWCR,ADLL,chemical,1
AWCR,AIAL,chemical,5
AWCR,AIAR,chemical,6
AWCR,AIBL,chemical,6
AWCR,AIBR,chemical,5
AWCR,AINR,chemical,1
AWCR,AIYL,chemical,3
AWCR,AIYR,chemical,3
AWCR,AIZL,chemical,2
AWCR,ASEL,chemical,1
AWCR,ASER,chemical,6
AWCR,ASGR,chemical,1
AWCR,ASIR,chemical,1
AWCR,AWCL,chemical,7
BAGL,AINL,chemical,1
BAGL,AVER,chemical,4
BAGL,RIAR,chemical,6
BAGL,RIBR,chemical,8
BAGL,RIGR,chemical,3
BAGL,RIR,electrical,1
BAGR,AVAL,chemical,1
BAGR,AVEL,chemical,4
BAGR,RIAL,chemical,4
BAGR,RIBL,chemical,7
BAGR,RIGL,chemical,2
BDUL,ALML,chemical,3
BDUL,AVBL,chemical,1
BDUL,AVDR,chemical,1
BDUL,AVFR,chemical,1
BDUL,AVHL,chemical,1
BDUL,AVJL,chemical,1
BDUL,AVJR,chemical,1
BDUL,BDUR,electrical,1
BDUL,CEPshDL,chemical,1
BDUL,CEPshDR,chemical,1
BDUL,PVCL,chemical,1
BDUL,RIFL,chemical,1
BDUL,SDQL,chemical,3
BDUL,SIBVR,chemical,1
BDUR,ALMR,chemical,1
BDUR,AVDR,chemical,1
BDUR,AVJL,chemical,2
BDUR,AVM,chemical,4
BDUR,CEPshVR,chemical,2
BDUR,PVCL,chemical,1
BDUR,PVCR,chemical,1
BDUR,RMGR,chemical,1
BDUR,SMBDL,chemical,1
BDUR,URBR,chemical,1
CEPDL,AVER,chemical,5
CEPDL,IL1DL,chemical,3
CEPDL,OLLL,chemical,5
CEPDL,OLQDL,chemical,5
CEPDL,RIBL,chemical,1
CEPDL,RICL,chemical,2
CEPDL,RICR,chemical,2
CEPDL,RIPL,chemical,1
CEPDL,RMDVL,chemical,5
CEPDL,RMHL,chemical,2
CEPDL,URADL,chemical,1
CEPDL,URBL,chemical,2
CEPDR,AVAR,chemical,1
CEPDR,AVEL,chemical,4
CEPDR,IL1DR,chemical,2
CEPDR,OLLR,chemical,4
CEPDR,OLQDR,chemical,4
CEPDR,RIBR,chemical,1
CEPDR,RICL,chemical,2
CEPDR,RICR,chemical,3
CEPDR,RIPR,chemical,1
CEPDR,RMDVL,chemical,1
CEPDR,RMDVR,chemical,3
CEPDR,SIBVR,chemical,1
CEPDR,SMBDL,chemical,1
CEPDR,URADR,chemical,2
CEPDR,URBR,chemical,2
CEPDR,URYDR,chemical,1
CEPshVL,ADLL,electrical,1
CEPVL,AVER,chemical,3
CEPVL,IL1VL,chemical,2
CEPVL,OLLL,chemical,4
CEPVL,OLQVL,chemical,6
CEPVL,RICL,chemical,4
CEPVL,RICR,chemical,2
CEPVL,RMDDL,chemical,4
CEPVL,RMHL,chemical,3
CEPVL,RMHR,chemical,1
CEPVL,URAVL,chemical,3
CEPVL,URYVL,chemical,1
CEPVR,ADER,chemical,1
CEPVR,AVEL,chemical,6
CEPVR,CEPshVR,chemical,1
CEPVR,IL1VR,chemical,2
CEPVR,OLLR,chemical,7
CEPVR,OLQVR,chemical,4
CEPVR,PVR,chemical,2
CEPVR,RICL,chemical,2
CEPVR,RICR,chemical,3
CEPVR,RIPR,chemical,2
CEPVR,RMDDR,chemical,3
CEPVR,RMHL,chemical,1
CEPVR,SMBVR,chemical,1
CEPVR,URAVR,chemical,2
CEPVR,URYVR,chemical,1
DVA,ADAL,chemical,1
DVA,AIZL,chemical,3
DVA,AIZR,chemical,2
DVA,AQR,chemical,2
DVA,AUAL,chemical,1
DVA,AVAR,chemical,1
DVA,AVEL,chemical,4
DVA,AVER,chemical,6
DVA,OLQVL,chemical,1
DVA,OLQVR,chemical,1
DVA,OLQVR,electrical,1
DVA,PVPL,chemical,1
DVA,PVPR,chemical,1
DVA,RIPL,chemical,1
DVA,RIPR,chemical,1
DVA,RIR,chemical,3
DVA,SIADR,chemical,1
DVA,SIBVL,chemical,1
DVA,SIBVR,chemical,1
DVA,URXL,chemical,1
DVA,URYDR,chemical,1
DVC,AIBL,chemical,3
DVC,AIBL,electrical,1
DVC,AIBR,chemical,4
DVC,AIBR,electrical,1
DVC,AVAL,chemical,1
DVC,AVAR,chemical,3
DVC,AVDR,chemical,1
DVC,AVEL,chemical,2
DVC,AVKR,chemical,1
DVC,CEPshVL,chemical,2
DVC,CEPshVR,chemical,1
DVC,PVT,chemical,1
DVC,RIBL,chemical,3
DVC,RIBR,chemical,4
DVC,RIGL,chemical,6
DVC,RIGR,chemical,5
DVC,URXR,chemical,1
DVC,URYDR,chemical,1
DVC,URYVR,chemical,1
FLPL,ADAL,chemical,1
FLPL,ADEL,chemical,1
FLPL,ADER,chemical,2
FLPL,AVAL,chemical,3
FLPL,AVAR,chemical,3
FLPL,AVDL,chemical,3
FLPL,DVA,chemical,1
FLPL,FLPR,chemical,4
FLPL,PVCL,chemical,1
FLPR,ADAL,chemical,1
FLPR,AIBR,chemical,1
FLPR,AVAL,chemical,3
FLPR,AVAR,chemical,4
FLPR,AVBR,chemical,1
FLPR,AVDL,chemical,2
FLPR,FLPL,chemical,3
IL1DL,BWM-DL01,chemical,3
IL1DL,BWM-DL02,chemical,6
IL1DL,BWM-DL04,chemical,1
IL1DL,IL1DR,electrical,1
IL1DL,IL1L,chemical,1
IL1DL,IL1L,electrical,1
IL1DL,IL1VL,electrical,1
IL1DL,RIPL,chemical,4
IL1DL,RMDVL,chemical,4
IL1DL,RMEL,chemical,2
IL1DL,URADL,chemical,1
IL1DR,BWM-DR01,chemical,1
IL1DR,BWM-DR02,chemical,3
IL1DR,BWM-DR04,chemical,1
IL1DR,IL1R,electrical,1
IL1DR,OLLR,electrical,1
IL1DR,RIPR,chemical,3
IL1DR,RMDVR,chemical,4
IL1L,BWM-DL01,chemical,1
IL1L,BWM-DL02,chemical,9
IL1L,BWM-VL02,chemical,9
IL1L,BWM-VL04,chemical,2
IL1L,RMDDL,chemical,4
IL1L,RMDDR,chemical,2
IL1L,RMDL,chemical,3
IL1L,RMDR,chemical,1
IL1L,RMDVL,chemical,3
IL1L,RMDVR,chemical,1
IL1L,URAVL,chemical,1
IL1R,BWM-DR02,chemical,5
IL1R,BWM-DR04,chemical,2
IL1R,BWM-VR02,chemical,5
IL1R,IL1DR,chemical,1
IL1R,IL1VR,electrical,1
IL1R,OLLR,chemical,1
IL1R,RMDDL,chemical,1
IL1R,RMDDR,chemical,4
IL1R,RMDVL,chemical,1
IL1R,RMDVR,chemical,3
IL1R,RMHL,chemical,1
IL1R,RMHR,chemical,3
IL1R,URAVR,chemical,1
IL1VL,BWM-VL01,chemical,2
IL1VL,BWM-VL02,chemical,3
IL1VL,IL1L,electrical,1
IL1VL,IL1VR,electrical,1
IL1VL,RIPL,chemical,2
IL1VL,RMDDL,chemical,4
IL1VL,URAVL,chemical,1
IL1VR,BWM-VR01,chemical,2
IL1VR,BWM-VR02,chemical,2
IL1VR,IL1VR,electrical,1
IL1VR,RIPR,chemical,3
IL1VR,RMDDR,chemical,4
IL1VR,RMER,chemical,2
IL2DL,IL1DL,chemical,2
IL2DL,RICL,chemical,1
IL2DL,RIH,chemical,1
IL2DL,RIPL,chemical,8
IL2DL,RMED,chemical,1
IL2DL,RMEL,chemical,4
IL2DL,RMER,chemical,3
IL2DL,URADL,chemical,2
IL2DR,GLRDR,chemical,1
IL2DR,IL1DR,chemical,1
IL2DR,IL2R,electrical,1
IL2DR,RIH,chemical,1
IL2DR,RIPL,chemical,1
IL2DR,RIPR,chemical,9
IL2DR,RMEL,chemical,3
IL2DR,RMER,chemical,2
IL2DR,RMEV,chemical,1
IL2DR,URADR,chemical,4
IL2L,ADEL,chemical,1
IL2L,IL1L,chemical,1
IL2L,IL2VL,chemical,1
IL2L,OLLL,chemical,1
IL2L,OLQDL,chemical,1
IL2L,OLQVL,chemical,3
IL2L,RIH,chemical,4
IL2L,RMDR,chemical,3
IL2L,URAVL,chemical,1
IL2R,OLQDR,chemical,4
IL2R,OLQVR,chemical,2
IL2R,RIH,chemical,5
IL2R,RMDL,chemical,2
IL2R,RMHL,chemical,1
IL2R,RMHR,chemical,1
IL2VL,IL1VL,chemical,1
IL2VL,RIAL,chemical,1
IL2VL,RIH,chemical,1
IL2VL,RIPL,chemical,7
IL2VL,RMED,chemical,2
IL2VL,RMEL,chemical,5
IL2VL,RMER,chemical,2
IL2VL,RMEV,chemical,3
IL2VL,URAVL,chemical,4
IL2VL,URXL,chemical,1
IL2VR,BAGL,chemical,2
IL2VR,CEPVR,chemical,1
IL2VR,RIAR,chemical,1
IL2VR,RIH,chemical,1
IL2VR,RIPR,chemical,4
IL2VR,RMED,chemical,1
IL2VR,RMEL,chemical,2
IL2VR,RMER,chemical,3
IL2VR,RMEV,chemical,2
IL2VR,URAVR,chemical,2
OLLL,AVER,chemical,21
OLLL,CEPDL,chemical,4
OLLL,CEPVL,chemical,4
OLLL,RIBL,chemical,13
OLLL,RMDDL,chemical,8
OLLL,RMDR,chemical,1
OLLL,RMDVL,chemical,8
OLLL,RMEV,chemical,1
OLLL,SMDDR,chemical,4
OLLL,SMDVL,chemical,1
OLLL,SMDVR,chemical,3
OLLL,URYVL,chemical,1
OLLR,AVEL,chemical,18
OLLR,CEPDR,chemical,3
OLLR,CEPVR,chemical,6
OLLR,OLLL,electrical,3
OLLR,RIBR,chemical,9
OLLR,RMDDR,chemical,5
OLLR,RMDL,chemical,1
OLLR,RMDVR,chemical,7
OLLR,RMER,chemical,1
OLLR,SMDDL,chemical,3
OLLR,SMDVL,chemical,4
OLQDL,CEPDL,electrical,1
OLQDL,IL2L,chemical,2
OLQDL,OLLL,electrical,1
OLQDL,RICL,chemical,1
OLQDL,RICR,chemical,1
OLQDL,RMDDR,chemical,2
OLQDL,RMED,chemical,1
OLQDL,SIBVL,chemical,2
OLQDL,URADL,chemical,1
OLQDR,CEPDR,electrical,2
OLQDR,IL2R,chemical,2
OLQDR,OLLR,electrical,1
OLQDR,RICL,chemical,1
OLQDR,RICR,chemical,1
OLQDR,RMDDL,chemical,1
OLQDR,RMDVR,electrical,1
OLQDR,SIBVR,chemical,1
OLQDR,URBR,electrical,1
OLQVL,CEPVL,electrical,1
OLQVL,IL2L,chemical,1
OLQVL,OLLL,electrical,1
OLQVL,RICL,chemical,1
OLQVL,RMDVR,chemical,3
OLQVL,SIBDL,chemical,3
OLQVR,IL2R,chemical,3
OLQVR,OLLR,electrical,1
OLQVR,RICR,chemical,1
OLQVR,RMDVL,chemical,4
OLQVR,SIBDR,chemical,4
OLQVR,URBR,electrical,1
PVCL,ADEL,chemical,1
PVCL,AVAL,chemical,5
PVCL,AVAR,chemical,1
PVCL,AVBL,chemical,1
PVCL,AVBR,chemical,5
PVCL,AVER,chemical,1
PVCL,DVA,chemical,1
PVCL,RID,chemical,1
PVCR,ADAR,chemical,1
PVCR,AQR,chemical,2
PVCR,AVAL,chemical,1
PVCR,AVAR,chemical,2
PVCR,AVBL,chemical,1
PVCR,AVDL,chemical,2
PVCR,AVER,chemical,2
PVPL,AQR,chemical,3
PVPL,AQR,electrical,2
PVPL,AVAL,chemical,3
PVPL,AVAR,chemical,2
PVPL,AVBL,chemical,3
PVPL,AVBR,chemical,2
PVPL,AVFR,chemical,1
PVPL,PVCL,chemical,3
PVPL,PVPR,electrical,1
PVPL,RIGL,chemical,1
PVPL,SAADL,chemical,1
PVPL,URXL,chemical,1
PVPR,AQR,chemical,4
PVPR,ASHR,chemical,1
PVPR,AVBL,chemical,2
PVPR,AVBR,chemical,4
PVPR,AVJL,chemical,2
PVPR,DVA,chemical,1
PVPR,PVCR,chemical,5
PVPR,RIS,chemical,1
PVPR,SMBDR,chemical,1
PVPR,URXR,chemical,1
PVQL,AIAL,chemical,6
PVQL,AIML,chemical,1
PVQL,ASJL,chemical,2
PVQL,ASKL,chemical,5
PVQL,AVFL,chemical,1
PVQL,AWAL,chemical,1
PVQR,AIAR,chemical,7
PVQR,AIMR,chemical,1
PVQR,AIYR,electrical,1
PVQR,ASHR,chemical,1
PVQR,ASJR,chemical,1
PVQR,ASKR,chemical,6
PVQR,AVFR,electrical,1
PVQR,CEPshVR,chemical,2
PVR,ALMR,electrical,1
PVR,AVBL,chemical,5
PVR,AVBR,chemical,9
PVR,AVJL,chemical,5
PVR,CEPVL,chemical,1
PVR,IL1DL,chemical,1
PVR,IL1DR,chemical,2
PVR,IL1VL,chemical,2
PVR,IL1VR,chemical,2
PVR,IL1VR,electrical,1
PVR,RIPL,chemical,7
PVR,RIPR,chemical,7
PVR,RIPR,electrical,1
PVR,SIBVL,chemical,1
PVR,SIBVR,chemical,1
PVR,URADL,chemical,1
PVT,AIBL,chemical,2
PVT,AIBR,chemical,2
PVT,AVKL,chemical,9
PVT,AVKR,chemical,8
PVT,AVL,chemical,2
PVT,DVC,chemical,4
PVT,IL1VL,chemical,1
PVT,IL2VL,chemical,1
PVT,IL2VR,chemical,1
PVT,RIBR,electrical,1
PVT,RIGL,chemical,2
PVT,RIGR,chemical,2
PVT,RIH,chemical,1
PVT,SMBDR,chemical,1
PVT,URAVL,chemical,1
PVT,URAVR,chemical,1
PVT,URYVL,chemical,1
RIAL,CEPDL,chemical,3
RIAL,CEPVL,chemical,5
RIAL,RIAR,chemical,22
RIAL,RIAR,electrical,1
RIAL,RIVL,chemical,3
RIAL,RIVR,chemical,3
RIAL,RMDDL,chemical,15
RIAL,RMDDR,chemical,7
RIAL,RMDL,chemical,14
RIAL,RMDR,chemical,12
RIAL,RMDR,electrical,1
RIAL,RMDVL,chemical,16
RIAL,RMDVR,chemical,11
RIAL,RMHL,chemical,1
RIAL,SIADL,chemical,5
RIAL,SIADR,chemical,2
RIAL,SIAVR,chemical,6
RIAL,SMDDL,chemical,9
RIAL,SMDDR,chemical,13
RIAL,SMDVL,chemical,8
RIAL,SMDVR,chemical,14
RIAR,CEPDR,chemical,3
RIAR,CEPVL,chemical,1
RIAR,GLRVL,chemical,1
RIAR,RIAL,chemical,16
RIAR,RIVR,chemical,2
RIAR,RMDDL,chemical,9
RIAR,RMDDR,chemical,11
RIAR,RMDL,chemical,12
RIAR,RMDR,chemical,9
RIAR,RMDVL,chemical,7
RIAR,RMDVR,chemical,16
RIAR,SIADR,chemical,6
RIAR,SIAVL,chemical,7
RIAR,SMDDL,chemical,10
RIAR,SMDDR,chemical,6
RIAR,SMDVL,chemical,13
RIAR,SMDVR,chemical,11
RIBL,AIBR,chemical,3
RIBL,AIZL,chemical,1
RIBL,AUAL,chemical,1
RIBL,AVAL,chemical,1
RIBL,AVEL,chemical,2
RIBL,AVER,chemical,5
RIBL,BAGR,chemical,3
RIBL,DVA,chemical,1
RIBL,OLQDL,electrical,1
RIBL,OLQVL,electrical,1
RIBL,RIAL,chemical,2
RIBL,RIBL,electrical,1
RIBL,RIS,chemical,1
RIBL,SIADL,electrical,1
RIBL,SIAVL,electrical,1
RIBL,SIBDL,electrical,2
RIBL,SIBVL,electrical,1
RIBL,SIBVR,electrical,1
RIBL,SMDDL,chemical,1
RIBL,SMDDR,chemical,1
RIBL,SMDDR,electrical,1
RIBL,SMDVL,electrical,1
RIBL,SMDVR,chemical,2
RIBR,AIBL,chemical,3
RIBR,AIZR,chemical,1
RIBR,AUAR,chemical,1
RIBR,AVBL,electrical,1
RIBR,AVBR,electrical,1
RIBR,AVDL,chemical,1
RIBR,AVEL,chemical,6
RIBR,AVER,chemical,4
RIBR,BAGL,chemical,3
RIBR,OLQDR,electrical,1
RIBR,OLQVR,electrical,2
RIBR,RIAR,chemical,3
RIBR,RIBL,electrical,3
RIBR,SIADR,electrical,2
RIBR,SIAVR,electrical,1
RIBR,SIBDR,electrical,4
RIBR,SIBVL,electrical,1
RIBR,SIBVR,electrical,1
RIBR,SMDDL,chemical,1
RIBR,SMDDL,electrical,2
RIBR,SMDDR,electrical,1
RIBR,SMDVL,chemical,2
RIBR,SMDVL,electrical,1
RIBR,SMDVR,electrical,1
RIBR,URYDR,chemical,1
RIBR,URYVR,chemical,1
RIBR,URYVR,electrical,1
RICL,AIBR,chemical,1
RICL,AVAL,chemical,7
RICL,AVAR,chemical,3
RICL,BWM-VL04,chemical,1
RICL,CEPVL,chemical,1
RICL,RIML,chemical,1
RICL,RIMR,chemical,1
RICL,RMDL,chemical,1
RICL,RMDR,chemical,1
RICL,RMHL,chemical,1
RICL,SIBVR,chemical,1
RICL,SMBDR,chemical,3
RICL,SMDDR,chemical,3
RICR,ADAL,chemical,1
RICR,ADAR,chemical,1
RICR,AVAL,chemical,2
RICR,AVAR,chemical,8
RICR,RIML,chemical,2
RICR,RIMR,chemical,1
RICR,RMHL,chemical,1
RICR,RMHR,chemical,1
RICR,SAADR,chemical,1
RICR,SAAVR,chemical,2
RICR,SMDDL,chemical,4
RICR,SMDDR,chemical,2
RICR,SMDVL,chemical,4
RICR,SMDVR,chemical,1
RIFL,ADAL,chemical,1
RIFL,ALML,chemical,1
RIFL,ASHL,chemical,2
RIFL,AVBL,chemical,10
RIFL,AVHL,chemical,2
RIFL,AVJR,chemical,2
RIFL,RIFR,electrical,1
RIFL,RIML,chemical,4
RIFL,SDQL,chemical,2
RIFR,ALMR,chemical,1
RIFR,AVBR,chemical,8
RIFR,AVJL,chemical,3
RIFR,AVJR,chemical,2
RIFR,PVPR,chemical,1
RIFR,RIMR,chemical,5
RIGL,AIBR,chemical,2
RIGL,AIZL,chemical,7
RIGL,AVEL,chemical,4
RIGL,AVER,chemical,1
RIGL,AVKR,chemical,2
RIGL,BAGR,chemical,3
RIGL,BAGR,electrical,1
RIGL,DVC,chemical,1
RIGL,OLLL,electrical,2
RIGL,OLQDL,electrical,1
RIGL,OLQVL,chemical,1
RIGL,OLQVL,electrical,2
RIGL,RIAL,chemical,1
RIGL,RIBL,chemical,3
RIGL,RIBL,electrical,1
RIGL,RIR,chemical,1
RIGL,RMEL,electrical,1
RIGL,RMGL,chemical,2
RIGL,URYDL,chemical,1
RIGL,URYDL,electrical,1
RIGL,URYVL,chemical,2
RIGL,URYVL,electrical,2
RIGR,AIBL,chemical,1
RIGR,AIZR,chemical,3
RIGR,AQR,electrical,1
RIGR,AVER,chemical,2
RIGR,AVKL,chemical,4
RIGR,AVKL,electrical,1
RIGR,AVKR,electrical,1
RIGR,BAGL,chemical,1
RIGR,OLLR,electrical,1
RIGR,OLQDR,electrical,1
RIGR,OLQVR,chemical,1
RIGR,OLQVR,electrical,2
RIGR,RIBR,chemical,1
RIGR,RIBR,electrical,3
RIGR,RIGL,electrical,3
RIGR,RIGR,electrical,1
RIGR,RIML,chemical,1
RIGR,RIR,chemical,1
RIGR,RMGR,chemical,1
RIGR,RMHL,chemical,3
RIGR,RMHR,chemical,5
RIGR,URYDR,electrical,1
RIGR,URYVR,chemical,1
RIGR,URYVR,electrical,2
RIH,ADFL,electrical,1
RIH,ADFR,chemical,1
RIH,AIZL,chemical,3
RIH,AIZR,chemical,5
RIH,AUAL,chemical,2
RIH,BAGL,chemical,2
RIH,BAGR,chemical,1
RIH,CEPDL,chemical,1
RIH,CEPDL,electrical,2
RIH,CEPDR,electrical,1
RIH,CEPshVR,chemical,1
RIH,CEPVL,electrical,2
RIH,CEPVR,electrical,1
RIH,FLPL,electrical,1
RIH,FLPR,electrical,1
RIH,GLRDL,chemical,1
RIH,GLRDR,chemical,1
RIH,GLRL,chemical,1
RIH,GLRVL,chemical,1
RIH,IL2DL,chemical,1
RIH,IL2DR,chemical,1
RIH,IL2L,chemical,1
RIH,IL2VL,chemical,1
RIH,IL2VR,chemical,1
RIH,OLQDL,chemical,3
RIH,OLQDL,electrical,2
RIH,OLQDR,chemical,2
RIH,OLQDR,electrical,1
RIH,OLQVL,chemical,2
RIH,OLQVR,chemical,1
RIH,OLQVR,electrical,1
RIH,RIAL,chemical,8
RIH,RIAR,chemical,10
RIH,RIBL,chemical,4
RIH,RIBR,chemical,4
RIH,RIPL,chemical,6
RIH,RIPR,chemical,5
RIH,RIR,chemical,1
RIH,URYVR,chemical,1
RIML,AIBR,chemical,2
RIML,AVAL,electrical,2
RIML,AVAR,electrical,2
RIML,AVBL,chemical,1
RIML,AVBR,chemical,2
RIML,AVEL,electrical,2
RIML,BWM-DR04,chemical,1
RIML,BWM-DR06,chemical,1
RIML,BWM-VR04,chemical,1
RIML,BWM-VR06,chemical,1
RIML,FLPR,electrical,1
RIML,RIBL,chemical,2
RIML,RIBR,chemical,1
RIML,RIGL,chemical,1
RIML,RIVL,chemical,1
RIML,RMDL,chemical,1
RIML,RMDR,chemical,3
RIML,SAAVL,chemical,2
RIML,SAAVR,chemical,3
RIML,SMDDL,chemical,4
RIML,SMDDR,chemical,3
RIML,SMDVL,chemical,5
RIML,SMDVR,chemical,1
RIMR,AIBL,chemical,3
RIMR,AVAL,chemical,1
RIMR,AVAL,electrical,4
RIMR,AVBL,chemical,4
RIMR,AVBR,chemical,1
RIMR,AVEL,electrical,1
RIMR,AVER,electrical,3
RIMR,BWM-DL04,chemical,1
RIMR,BWM-DL06,chemical,2
RIMR,RIBL,chemical,4
RIMR,RIBR,chemical,4
RIMR,RIS,electrical,1
RIMR,RMDL,chemical,4
RIMR,RMDR,chemical,3
RIMR,RMEV,chemical,1
RIMR,SAADL,chemical,3
RIMR,SAAVL,chemical,3
RIMR,SAAVR,chemical,2
RIMR,SIADL,chemical,1
RIMR,SIADR,chemical,1
RIMR,SMDDL,chemical,1
RIMR,SMDDR,chemical,5
RIMR,SMDVL,chemical,1
RIMR,SMDVR,chemical,5
RIR,AIZL,chemical,4
RIR,AIZR,chemical,5
RIR,AQR,chemical,1
RIR,AUAL,chemical,1
RIR,AVER,chemical,2
RIR,BAGR,electrical,1
RIR,DVA,chemical,3
RIR,RIAL,chemical,5
RIR,RIAR,chemical,8
RIR,RIGL,chemical,1
RIR,RIH,chemical,1
RIR,RIR,electrical,1
RIR,URXL,chemical,5
RIR,URXR,chemical,5
RIS,AVEL,chemical,6
RIS,AVER,chemical,6
RIS,AVKL,chemical,3
RIS,AVKR,chemical,3
RIS,AVL,chemical,2
RIS,CEPDL,chemical,2
RIS,CEPDR,chemical,1
RIS,CEPVL,chemical,2
RIS,CEPVR,chemical,2
RIS,OLLR,chemical,1
RIS,RIBL,chemical,2
RIS,RIBR,chemical,3
RIS,RIML,chemical,3
RIS,RIMR,chemical,4
RIS,RMDL,chemical,4
RIS,SMDDL,chemical,1
RIS,SMDDR,chemical,1
RIVL,GLRVR,chemical,1
RIVL,RIAL,chemical,1
RIVL,RIAR,chemical,4
RIVL,RIS,chemical,1
RIVL,RIVR,electrical,1
RIVL,RMDDR,chemical,3
RIVL,RMDVL,chemical,1
RIVL,SAADR,chemical,4
RIVL,SAADR,electrical,1
RIVL,SDQR,electrical,1
RIVL,SIAVR,chemical,1
RIVL,SMDDL,chemical,2
RIVL,SMDDR,chemical,1
RIVL,SMDVL,chemical,2
RIVR,BWM-VL05,chemical,3
RIVR,BWM-VL06,chemical,1
RIVR,BWM-VL07,chemical,1
RIVR,BWM-VL08,chemical,1
RIVR,GLRVL,chemical,2
RIVR,RIAL,chemical,1
RIVR,RIAR,chemical,2
RIVR,RIMR,chemical,1
RIVR,RMDDL,chemical,1
RIVR,RMDR,chemical,1
RIVR,SAADL,chemical,4
RIVR,SIAVL,chemical,2
RIVR,SMDDL,chemical,4
RMDDL,BWM-DR01,chemical,5
RMDDL,BWM-DR02,chemical,3
RMDDL,BWM-DR03,chemical,3
RMDDL,BWM-DR04,chemical,4
RMDDL,BWM-DR05,chemical,2
RMDDL,IL1R,chemical,1
RMDDL,RMDDR,chemical,1
RMDDL,RMDDR,electrical,1
RMDDL,RMDL,electrical,2
RMDDL,RMDVR,chemical,9
RMDDL,SAADL,electrical,2
RMDDL,SMDDL,electrical,2
RMDDR,BWM-DL01,chemical,4
RMDDR,BWM-DL02,chemical,5
RMDDR,BWM-DL03,chemical,5
RMDDR,BWM-DL04,chemical,5
RMDDR,BWM-DL05,chemical,1
RMDDR,BWM-DR03,chemical,1
RMDDR,RMDDL,chemical,1
RMDDR,RMDVL,chemical,9
RMDDR,RMDVL,electrical,1
RMDDR,RMER,chemical,1
RMDDR,SAADR,electrical,2
RMDL,BWM-DR04,chemical,1
RMDL,BWM-VR02,chemical,1
RMDL,BWM-VR04,chemical,2
RMDL,IL1R,chemical,2
RMDL,IL2R,chemical,1
RMDL,RIAL,chemical,8
RMDL,RIAR,chemical,5
RMDL,RMDDL,chemical,1
RMDL,RMDR,chemical,6
RMDL,RMDVL,chemical,1
RMDL,RMDVR,chemical,1
RMDL,RMGR,chemical,1
RMDL,RMHL,chemical,2
RMDR,BWM-DL02,chemical,1
RMDR,BWM-DL04,chemical,1
RMDR,BWM-VL02,chemical,3
RMDR,BWM-VL04,chemical,3
RMDR,CEPVL,chemical,1
RMDR,IL1L,chemical,1
RMDR,IL2L,chemical,1
RMDR,RIAL,chemical,5
RMDR,RIAR,chemical,8
RMDR,RMDDR,chemical,2
RMDR,RMDL,chemical,9
RMDR,RMDVL,chemical,2
RMDR,RMER,chemical,1
RMDR,SIAVL,chemical,2
RMDR,SIBDL,chemical,1
RMDR,SMDVR,chemical,1
RMDVL,BWM-VL01,chemical,1
RMDVL,BWM-VR01,chemical,4
RMDVL,BWM-VR02,chemical,7
RMDVL,BWM-VR03,chemical,5
RMDVL,BWM-VR04,chemical,7
RMDVL,OLQDL,electrical,1
RMDVL,RMDDR,chemical,10
RMDVL,RMDL,electrical,1
RMDVL,RMDVR,chemical,2
RMDVL,SAAVL,electrical,2
RMDVL,SMDVL,electrical,1
RMDVR,BWM-VL01,chemical,5
RMDVR,BWM-VL02,chemical,7
RMDVR,BWM-VL03,chemical,4
RMDVR,BWM-VL04,chemical,10
RMDVR,BWM-VL06,chemical,1
RMDVR,BWM-VR01,chemical,1
RMDVR,BWM-VR03,chemical,3
RMDVR,BWM-VR05,chemical,2
RMDVR,OLLR,electrical,1
RMDVR,RMDDL,chemical,10
RMDVR,RMDDR,electrical,1
RMDVR,RMDR,electrical,1
RMDVR,RMDVL,chemical,1
RMDVR,SAADL,electrical,1
RMDVR,SAAVR,electrical,4
RMDVR,SMBVL,chemical,1
RMDVR,SMDVR,electrical,3
RMED,AVEL,electrical,1
RMED,BWM-VL01,chemical,7
RMED,BWM-VL03,chemical,2
RMED,BWM-VR01,chemical,7
RMED,BWM-VR03,chemical,2
RMED,IL1VL,electrical,1
RMED,IL1VR,electrical,1
RMED,RMDVL,chemical,1
RMED,RMDVR,chemical,3
RMED,SMDDL,chemical,2
RMED,SMDDR,chemical,2
RMED,SMDDR,electrical,1
RMEL,BWM-DR02,chemical,10
RMEL,BWM-VR02,chemical,7
RMEL,GLRL,electrical,1
RMEL,GLRVR,chemical,1
RMEL,IL1R,chemical,1
RMER,BWM-DL02,chemical,14
RMER,BWM-VL02,chemical,11
RMER,BWM-VL04,chemical,2
RMER,GLRR,electrical,1
RMER,IL1L,chemical,1
RMER,URADL,chemical,1
RMEV,BWM-DL01,chemical,7
RMEV,BWM-DL03,chemical,4
RMEV,BWM-DR01,chemical,5
RMEV,BWM-DR03,chemical,4
RMEV,IL1DL,electrical,1
RMEV,RMDDL,chemical,5
RMEV,RMDDR,chemical,2
RMEV,RMER,chemical,1
RMEV,RMEV,chemical,1
RMEV,SMDDR,chemical,1
RMEV,SMDVR,chemical,1
RMGL,ADAL,chemical,1
RMGL,ASHL,chemical,1
RMGL,AVBL,chemical,1
RMGL,AVBR,chemical,1
RMGL,AVKR,chemical,2
RMGL,BWM-DL06,chemical,1
RMGL,BWM-DL08,chemical,1
RMGL,BWM-VL04,chemical,1
RMGL,BWM-VL06,chemical,1
RMGL,IL2L,electrical,2
RMGL,RIGL,chemical,2
RMGL,RMDL,chemical,4
RMGL,RMDR,chemical,3
RMGL,RMDVL,chemical,1
RMGL,RMGL,electrical,1
RMGL,RMHL,electrical,2
RMGL,SAADL,chemical,1
RMGL,SAADR,chemical,1
RMGL,SIAVL,chemical,1
RMGL,SMBVL,chemical,1
RMGL,URXL,electrical,1
RMGR,ALNR,chemical,1
RMGR,ASKR,electrical,1
RMGR,AVBR,chemical,1
RMGR,AVJL,chemical,1
RMGR,AWBR,electrical,1
RMGR,BWM-DR06,chemical,1
RMGR,BWM-DR06,electrical,1
RMGR,BWM-VR04,chemical,1
RMGR,BWM-VR06,chemical,2
RMGR,BWM-VR08,chemical,2
RMGR,BWM-VR08,electrical,2
RMGR,IL2R,electrical,2
RMGR,RMDL,chemical,6
RMGR,RMDR,chemical,4
RMGR,RMDVR,chemical,3
RMGR,RMHL,chemical,1
RMGR,RMHL,electrical,2
RMGR,RMHR,chemical,1
RMGR,SAADL,chemical,1
RMGR,SIBDR,chemical,2
RMGR,SIBVR,chemical,1
RMGR,SMDDR,electrical,1
RMGR,URXR,electrical,1
RMHL,BWM-DR02,chemical,3
RMHL,BWM-DR04,chemical,1
RMHL,BWM-VR02,chemical,5
RMHL,BWM-VR04,chemical,5
RMHL,RMDL,chemical,1
RMHL,RMDR,chemical,3
RMHL,RMGR,chemical,1
RMHL,RMHR,chemical,1
RMHR,ADER,electrical,1
RMHR,BWM-DR02,chemical,5
RMHR,BWM-DR04,chemical,3
RMHR,BWM-VR02,chemical,1
RMHR,BWM-VR04,chemical,1
RMHR,RMDDL,chemical,1
RMHR,RMDR,chemical,1
RMHR,RMGL,electrical,1
RMHR,RMHL,chemical,1
SAADL,AVAL,chemical,5
SAADL,RIML,chemical,3
SAADL,RIMR,chemical,5
SAADL,SMBDL,electrical,2
SAADL,SMDVR,chemical,3
SAADR,AVAR,chemical,5
SAADR,RIML,chemical,3
SAADR,RIMR,chemical,5
SAAVL,AVAL,chemical,10
SAAVL,RIAR,chemical,1
SAAVL,RIML,chemical,6
SAAVL,RIMR,chemical,6
SAAVL,SAADR,chemical,2
SAAVL,SMBVR,electrical,4
SAAVL,SMDDR,chemical,2
SAAVR,AVAR,chemical,12
SAAVR,RIML,chemical,7
SAAVR,RIMR,chemical,5
SAAVR,SMDDL,chemical,2
SDQL,RMHR,chemical,1
SDQL,SIBVR,chemical,1
SDQR,AVBL,chemical,2
SDQR,PVR,chemical,2
SDQR,RICL,chemical,1
SDQR,SDQR,electrical,1
SDQR,SIBVL,chemical,1
SIADR,SIADL,electrical,1
SIBDR,SIBVR,electrical,1
SIBVL,SIBDL,electrical,1
SMBDL,ADAL,chemical,1
SMBDL,ADAR,chemical,1
SMBDL,AVBR,chemical,1
SMBDL,BWM-DR01,chemical,2
SMBDL,BWM-DR02,chemical,1
SMBDL,BWM-DR03,chemical,3
SMBDL,BWM-DR04,chemical,1
SMBDL,BWM-DR05,chemical,1
SMBDL,CEPshDR,chemical,1
SMBDL,RMDDL,chemical,1
SMBDL,RMED,chemical,2
SMBDL,SAAVR,chemical,4
SMBDL,SIBDL,chemical,1
SMBDR,ADAL,chemical,1
SMBDR,AVBL,chemical,1
SMBDR,BWM-DL01,chemical,4
SMBDR,BWM-DL02,chemical,2
SMBDR,BWM-DL03,chemical,7
SMBDR,BWM-DL04,chemical,3
SMBDR,BWM-DL05,chemical,3
SMBDR,GLRDL,chemical,2
SMBDR,RMED,chemical,1
SMBDR,SAADR,electrical,1
SMBDR,SAAVL,chemical,4
SMBDR,SAAVR,chemical,1
SMBVL,BWM-VL01,chemical,2
SMBVL,BWM-VL02,chemical,3
SMBVL,BWM-VL03,chemical,2
SMBVL,BWM-VL04,chemical,3
SMBVL,BWM-VL05,chemical,1
SMBVL,BWM-VL07,chemical,1
SMBVL,GLRL,chemical,2
SMBVL,RIH,chemical,1
SMBVL,RMEV,chemical,2
SMBVL,RMFL,chemical,1
SMBVL,SAADL,chemical,10
SMBVL,SAAVR,chemical,1
SMBVL,SAAVR,electrical,4
SMBVL,SIBDL,chemical,2
SMBVR,BWM-VR01,chemical,3
SMBVR,BWM-VR02,chemical,1
SMBVR,BWM-VR03,chemical,5
SMBVR,BWM-VR04,chemical,1
SMBVR,BWM-VR05,chemical,1
SMBVR,BWM-VR06,chemical,1
SMBVR,CEPVR,chemical,2
SMBVR,excgl,chemical,1
SMBVR,RMEV,chemical,1
SMBVR,SAADR,chemical,7
SMBVR,SIAVR,chemical,1
SMDDL,BWM-DR01,chemical,1
SMDDL,BWM-DR03,chemical,2
SMDDL,BWM-DR04,chemical,1
SMDDL,BWM-DR05,chemical,2
SMDDL,BWM-DR06,chemical,1
SMDDL,CEPDR,chemical,1
SMDDL,RIAL,chemical,3
SMDDL,RIAR,chemical,4
SMDDL,RIML,chemical,1
SMDDL,RMDL,electrical,1
SMDDL,SMDDR,electrical,2
SMDDL,SMDVR,chemical,1
SMDDR,BWM-DL01,chemical,2
SMDDR,BWM-DL03,chemical,3
SMDDR,BWM-DL04,chemical,1
SMDDR,BWM-DL05,chemical,2
SMDDR,BWM-DL06,chemical,1
SMDDR,BWM-DR01,chemical,1
SMDDR,BWM-DR03,chemical,1
SMDDR,CEPDL,chemical,2
SMDDR,RIAL,chemical,5
SMDDR,RIAR,chemical,5
SMDDR,RIMR,chemical,1
SMDDR,RMDL,chemical,1
SMDDR,RMEV,chemical,1
SMDDR,SMDVL,chemical,4
SMDVL,BWM-VR01,chemical,1
SMDVL,BWM-VR03,chemical,2
SMDVL,BWM-VR04,chemical,1
SMDVL,BWM-VR06,chemical,1
SMDVL,CEPVR,chemical,3
SMDVL,RIAL,chemical,5
SMDVL,RIAR,chemical,5
SMDVL,RMDL,chemical,1
SMDVL,SMDDR,chemical,1
SMDVR,BWM-VL01,chemical,1
SMDVR,BWM-VL03,chemical,1
SMDVR,BWM-VL05,chemical,1
SMDVR,BWM-VR01,chemical,1
SMDVR,RIAL,chemical,4
SMDVR,RIAR,chemical,3
SMDVR,SMDDL,chemical,2
URADL,BWM-DL01,chemical,4
URADL,BWM-DL02,chemical,3
URADL,BWM-DL03,chemical,1
URADL,RIPL,chemical,4
URADL,RMED,chemical,2
URADL,RMEL,chemical,3
URADL,RMEV,chemical,1
URADR,BWM-DR01,chemical,4
URADR,BWM-DR02,chemical,5
URADR,GLRDR,chemical,1
URADR,IL1DR,chemical,2
URADR,RIPR,chemical,6
URADR,RMED,chemical,1
URADR,RMER,chemical,2
URADR,RMEV,chemical,1
URAVL,BWM-VL01,chemical,3
URAVL,BWM-VL02,chemical,4
URAVL,BWM-VL03,chemical,1
URAVL,IL1L,chemical,1
URAVL,IL1VL,chemical,2
URAVL,RIPL,chemical,3
URAVL,RMDVR,chemical,1
URAVL,RMEL,chemical,2
URAVL,RMEV,chemical,2
URAVR,BWM-DR02,chemical,1
URAVR,BWM-VR01,chemical,1
URAVR,BWM-VR02,chemical,5
URAVR,IL1VR,chemical,1
URAVR,RIPR,chemical,5
URAVR,RMEL,chemical,1
URAVR,RMER,chemical,2
URAVR,RMEV,chemical,3
URAVR,URYVR,chemical,1
URBL,ADAL,chemical,1
URBL,BWM-DL04,chemical,1
URBL,BWM-DL06,chemical,1
URBL,CEPDL,chemical,2
URBL,CEPVL,chemical,3
URBL,IL1L,chemical,1
URBL,IL2L,chemical,1
URBL,IL2L,electrical,1
URBL,OLQDL,electrical,1
URBL,OLQVL,electrical,3
URBL,PVR,chemical,2
URBL,RMDL,chemical,2
URBL,SIAVL,chemical,1
URBL,URXL,chemical,3
URBR,ADER,chemical,1
URBR,CEPDR,chemical,2
URBR,CEPDR,electrical,1
URBR,CEPVR,chemical,1
URBR,IL1R,chemical,3
URBR,IL2R,chemical,1
URBR,RICL,chemical,3
URBR,RICR,chemical,1
URBR,RMGR,chemical,1
URBR,RMHL,chemical,2
URBR,RMHR,chemical,1
URBR,URXR,chemical,7
URXL,ADAL,chemical,1
URXL,AUAL,chemical,10
URXL,AVEL,chemical,1
URXL,AVJR,chemical,1
URXL,IL2L,electrical,2
URXL,RIAL,chemical,13
URXL,RICL,chemical,1
URXL,RIGL,chemical,4
URXL,RIR,chemical,1
URXL,RMGL,chemical,1
URXR,ADAR,chemical,1
URXR,AQR,chemical,1
URXR,AUAR,chemical,11
URXR,AVER,chemical,1
URXR,IL2R,electrical,2
URXR,PVPR,chemical,1
URXR,RIAR,chemical,9
URXR,RICL,chemical,1
URXR,RICR,chemical,2
URXR,RIGR,chemical,3
URXR,RIR,chemical,2
URXR,URAVR,chemical,1
URYDL,AVEL,electrical,1
URYDL,AVER,chemical,2
URYDL,BWM-DL01,chemical,1
URYDL,IL1DL,chemical,2
URYDL,IL1DL,electrical,1
URYDL,RIBL,chemical,3
URYDL,RMDDL,chemical,1
URYDL,RMDDR,chemical,4
URYDL,RMDVL,chemical,3
URYDL,SMDDR,chemical,7
URYDR,AVEL,chemical,3
URYDR,AVEL,electrical,1
URYDR,BWM-DR01,chemical,2
URYDR,BWM-DR03,chemical,1
URYDR,CEPDR,chemical,2
URYDR,IL1DR,electrical,2
URYDR,OLLR,chemical,1
URYDR,RIBR,chemical,2
URYDR,RMDDL,chemical,3
URYDR,RMDDR,chemical,1
URYDR,RMDVR,chemical,2
URYDR,RMER,chemical,1
URYDR,RMEV,chemical,1
URYDR,SMDDL,chemical,5
URYDR,URADR,chemical,1
URYVL,AVER,chemical,3
URYVL,BWM-VL01,chemical,1
URYVL,OLLL,chemical,1
URYVL,RIAL,chemical,1
URYVL,RIBL,chemical,2
URYVL,RMDDL,chemical,2
URYVL,RMDVR,chemical,3
URYVL,SMDVR,chemical,3
URYVR,AVEL,chemical,5
URYVR,AVEL,electrical,1
URYVR,RIBR,chemical,6
URYVR,RMDDR,chemical,1
URYVR,RMDVL,chemical,3
URYVR,SMDVL,chemical,6
